solution_id,source_id,pf,pf_error,p1_o,p1_o_error,epoch_g,epoch_g_error,epoch_bp,epoch_bp_error,epoch_rp,epoch_rp_error,epoch_rv,epoch_rv_error,int_average_g,int_average_g_error,int_average_bp,int_average_bp_error,int_average_rp,int_average_rp_error,average_rv,average_rv_error,peak_to_peak_g,peak_to_peak_g_error,peak_to_peak_bp,peak_to_peak_bp_error,peak_to_peak_rp,peak_to_peak_rp_error,peak_to_peak_rv,peak_to_peak_rv_error,metallicity,metallicity_error,r21_g,r21_g_error,r31_g,r31_g_error,phi21_g,phi21_g_error,phi31_g,phi31_g_error,num_clean_epochs_g,num_clean_epochs_bp,num_clean_epochs_rp,num_clean_epochs_rv,zp_mag_g,zp_mag_bp,zp_mag_rp,num_harmonics_for_p1_g,num_harmonics_for_p1_bp,num_harmonics_for_p1_rp,num_harmonics_for_p1_rv,reference_time_g,reference_time_bp,reference_time_rp,reference_time_rv,fund_freq1,fund_freq1_error,fund_freq2,fund_freq2_error,fund_freq1_harmonic_ampl_g,fund_freq1_harmonic_ampl_g_error,fund_freq1_harmonic_phase_g,fund_freq1_harmonic_phase_g_error,fund_freq1_harmonic_ampl_bp,fund_freq1_harmonic_ampl_bp_error,fund_freq1_harmonic_phase_bp,fund_freq1_harmonic_phase_bp_error,fund_freq1_harmonic_ampl_rp,fund_freq1_harmonic_ampl_rp_error,fund_freq1_harmonic_phase_rp,fund_freq1_harmonic_phase_rp_error,fund_freq1_harmonic_ampl_rv,fund_freq1_harmonic_ampl_rv_error,fund_freq1_harmonic_phase_rv,fund_freq1_harmonic_phase_rv_error,best_classification,g_absorption,g_absorption_error,ra,ra_error,dec,dec_error,parallax,parallax_error,pm,pmra,pmra_error,pmdec,pmdec_error,phot_g_mean_mag,phot_bp_mean_mag,phot_rp_mean_mag,phot_g_mean_flux,phot_g_mean_flux_error,phot_bp_mean_flux,phot_bp_mean_flux_error,phot_rp_mean_flux,phot_rp_mean_flux_error,phot_g_mean_mag_error,phot_bp_mean_mag_error,phot_rp_mean_mag_error,w_mag,w_period,pw_line,FeH,e_FeH,Dist,e_Dist
375316653866487565,1253815887028053888,0.6069699952095958,3.3611825e-05,,,1708.4545126833875,4.7534297e-05,1708.4588687383164,0.00018592774,1708.4616575761895,5.0100618e-05,,,19.172375,0.03270571,19.30668,0.06893985,18.863497,0.031319093,,,0.7023045,0.09259874,0.644854,0.23582004,0.97570074,0.10504754,,,,,0.2863448,0.08456368,,,4.7244616,0.4336158,,,38,33,37,,19.194633,19.328733,18.898361,2,1,2,,1710.2584275091504,1710.2587209691578,1710.2588089598423,,1.6475278974122682,9.123419e-05,,,"(0.3117236, 0.08926043, NaN, NaN, NaN, NaN, NaN, NaN, NaN, NaN, NaN, NaN, NaN, NaN, NaN, NaN)","(0.030999446, 0.04054114, NaN, NaN, NaN, NaN, NaN, NaN, NaN, NaN, NaN, NaN, NaN, NaN, NaN, NaN)","(2.5552506, 3.5517776, 0.0, 0.0, 0.0, 0.0, 0.0, 0.0, 0.0, 0.0, 0.0, 0.0, 0.0, 0.0, 0.0, 0.0)","(0.32262418, 0.8323362, NaN, NaN, NaN, NaN, NaN, NaN, NaN, NaN, NaN, NaN, NaN, NaN, NaN, NaN)","(0.32242778, NaN, NaN, NaN, NaN, NaN, NaN, NaN, NaN, NaN, NaN, NaN, NaN, NaN, NaN, NaN)","(0.11409265, NaN, NaN, NaN, NaN, NaN, NaN, NaN, NaN, NaN, NaN, NaN, NaN, NaN, NaN, NaN)","(2.9239042, 0.0, 0.0, 0.0, 0.0, 0.0, 0.0, 0.0, 0.0, 0.0, 0.0, 0.0, 0.0, 0.0, 0.0, 0.0)","(0.7529154, NaN, NaN, NaN, NaN, NaN, NaN, NaN, NaN, NaN, NaN, NaN, NaN, NaN, NaN, NaN)","(0.32968232, 0.23160976, NaN, NaN, NaN, NaN, NaN, NaN, NaN, NaN, NaN, NaN, NaN, NaN, NaN, NaN)","(0.05952167, 0.059797917, NaN, NaN, NaN, NaN, NaN, NaN, NaN, NaN, NaN, NaN, NaN, NaN, NaN, NaN)","(2.276246, 3.0822642, 0.0, 0.0, 0.0, 0.0, 0.0, 0.0, 0.0, 0.0, 0.0, 0.0, 0.0, 0.0, 0.0, 0.0)","(0.26775202, 0.7325694, NaN, NaN, NaN, NaN, NaN, NaN, NaN, NaN, NaN, NaN, NaN, NaN, NaN, NaN)",,,,,RRab,,,213.72030494891655,0.21413963,23.01518444219439,0.1929507,-0.0046743531260363,0.28521144,1.3707789,-1.3652905619842826,0.29483628,-0.1225417303204586,0.27219433,19.261326,19.438347,18.920742,371.8916919324159,4.7062798,229.1279352669624,15.745975,214.22058476756803,11.030893,0.01373950558645062,0.0746107411022656,0.055906114452513374,18.17753819,-0.2168327771899504,17.726402904881564,,,,
375316653866487565,1250881947623682048,0.5340924701504794,5.2247274e-06,0.3983159942972157,8.9709835e-07,1704.4282708692836,1.5712694e-05,1704.4508666276158,2.9862156e-05,1704.4537150673602,3.8076254e-05,,,18.916718,0.00089191744,19.137228,0.0087451255,18.525763,0.004483889,,,0.48705605,0.0012613618,1.0629238,0.012367476,0.431047,0.0063411766,,,,,0.35235697,0.10125953,,,5.040727,0.29974085,,,46,49,47,,18.929409,19.092201,18.46911,2,1,1,,1705.505716253683,1705.5060307221927,1705.5061191131078,,2.510568089266118,7.002928e-05,1.8723064739976765,1.8315446e-05,"(0.18159728, 0.06398707, NaN, NaN, NaN, NaN, NaN, NaN, NaN, NaN, NaN, NaN, NaN, NaN, NaN, NaN)","(0.024497328, 0.021114774, NaN, NaN, NaN, NaN, NaN, NaN, NaN, NaN, NaN, NaN, NaN, NaN, NaN, NaN)","(0.74603575, 0.24961339, 0.0, 0.0, 0.0, 0.0, 0.0, 0.0, 0.0, 0.0, 0.0, 0.0, 0.0, 0.0, 0.0, 0.0)","(0.2362727, 0.54279834, NaN, NaN, NaN, NaN, NaN, NaN, NaN, NaN, NaN, NaN, NaN, NaN, NaN, NaN)","(0.22980501, NaN, NaN, NaN, NaN, NaN, NaN, NaN, NaN, NaN, NaN, NaN, NaN, NaN, NaN, NaN)","(0.034394145, NaN, NaN, NaN, NaN, NaN, NaN, NaN, NaN, NaN, NaN, NaN, NaN, NaN, NaN, NaN)","(0.93919426, 0.0, 0.0, 0.0, 0.0, 0.0, 0.0, 0.0, 0.0, 0.0, 0.0, 0.0, 0.0, 0.0, 0.0, 0.0)","(0.7070576, NaN, NaN, NaN, NaN, NaN, NaN, NaN, NaN, NaN, NaN, NaN, NaN, NaN, NaN, NaN)","(0.18655789, NaN, NaN, NaN, NaN, NaN, NaN, NaN, NaN, NaN, NaN, NaN, NaN, NaN, NaN, NaN)","(0.05934161, NaN, NaN, NaN, NaN, NaN, NaN, NaN, NaN, NaN, NaN, NaN, NaN, NaN, NaN, NaN)","(0.8912071, 0.0, 0.0, 0.0, 0.0, 0.0, 0.0, 0.0, 0.0, 0.0, 0.0, 0.0, 0.0, 0.0, 0.0, 0.0)","(0.40395042, NaN, NaN, NaN, NaN, NaN, NaN, NaN, NaN, NaN, NaN, NaN, NaN, NaN, NaN, NaN)",,,,,RRd,,,206.7574509380869,0.1746137,20.949751888710107,0.14788142,0.4298523258528866,0.24686444,0.88458717,-0.844861106654936,0.24681473,-0.2621148706837468,0.18869267,18.931313,19.135954,18.553198,503.9896869539384,3.3342712,302.71598262831264,10.506987,300.5239487833329,11.426431,0.007182722852364334,0.0376836257103297,0.041280158160187264,17.796660967999994,-0.272772254234512,17.86569220272252,,,,
375316653866487565,1249231099634348544,,,0.3579060137746203,3.1507673e-06,1703.3768554494386,4.455858e-06,1703.4230087536346,1.8906514e-05,1703.4728843827272,3.6298945e-05,,,18.891573,0.0055469493,18.993643,0.025032036,18.547276,0.028327813,,,0.47570506,0.0146631105,0.5140804,0.08295894,0.25904205,0.10860244,,,,,0.21071023,0.027188243,,,4.380497,0.15979089,,,70,69,73,,18.902687,19.007957,18.54995,2,1,1,,1704.254440995214,1704.254748222031,1704.2548375167323,,2.794029609767098,2.4596784e-05,,,"(0.22215872, 0.046811115, NaN, NaN, NaN, NaN, NaN, NaN, NaN, NaN, NaN, NaN, NaN, NaN, NaN, NaN)","(0.0060917987, 0.006595963, NaN, NaN, NaN, NaN, NaN, NaN, NaN, NaN, NaN, NaN, NaN, NaN, NaN, NaN)","(5.7100477, 3.2342215, 0.0, 0.0, 0.0, 0.0, 0.0, 0.0, 0.0, 0.0, 0.0, 0.0, 0.0, 0.0, 0.0, 0.0)","(0.09060973, 0.26324752, NaN, NaN, NaN, NaN, NaN, NaN, NaN, NaN, NaN, NaN, NaN, NaN, NaN, NaN)","(0.25704053, NaN, NaN, NaN, NaN, NaN, NaN, NaN, NaN, NaN, NaN, NaN, NaN, NaN, NaN, NaN)","(0.03210531, NaN, NaN, NaN, NaN, NaN, NaN, NaN, NaN, NaN, NaN, NaN, NaN, NaN, NaN, NaN)","(5.175752, 0.0, 0.0, 0.0, 0.0, 0.0, 0.0, 0.0, 0.0, 0.0, 0.0, 0.0, 0.0, 0.0, 0.0, 0.0)","(0.42509, NaN, NaN, NaN, NaN, NaN, NaN, NaN, NaN, NaN, NaN, NaN, NaN, NaN, NaN, NaN)","(0.1295211, NaN, NaN, NaN, NaN, NaN, NaN, NaN, NaN, NaN, NaN, NaN, NaN, NaN, NaN, NaN)","(0.038890474, NaN, NaN, NaN, NaN, NaN, NaN, NaN, NaN, NaN, NaN, NaN, NaN, NaN, NaN, NaN)","(4.311304, 0.0, 0.0, 0.0, 0.0, 0.0, 0.0, 0.0, 0.0, 0.0, 0.0, 0.0, 0.0, 0.0, 0.0, 0.0)","(0.69038373, NaN, NaN, NaN, NaN, NaN, NaN, NaN, NaN, NaN, NaN, NaN, NaN, NaN, NaN, NaN)",,,,,RRc,,,205.78252769085597,0.1676547,20.013038604097307,0.13429637,-0.1222540626916521,0.23271827,1.3293843,-0.6537361696041994,0.2259782,-1.1575369056331672,0.17106399,18.885365,19.02077,18.608044,525.7766556354438,3.1065629,336.59609781861803,11.194477,285.7199737874816,6.8249884,0.006414882259186086,0.036108094412459164,0.02593409836790575,18.098313628000003,-0.3192310042442771,17.981374490246836,,,,
375316653866487565,1258556500130302080,0.6332850934784283,2.486017e-06,,,1708.1066642603894,3.5157589e-06,1708.1120787144564,1.2112141e-05,1708.115231572527,1.5253707e-05,,,18.728176,0.009265091,18.893536,0.03318991,18.407522,0.026476666,,,0.9792111,0.0413588,1.2325684,0.12454168,0.79608285,0.09233515,,,-1.9436114,0.35804182,0.43095937,0.028338494,0.33883908,0.037392516,4.004162,0.062533006,1.9882144,0.11232064,58,57,56,,18.764479,18.9539,18.43216,5,4,3,,1709.510657312631,1709.5110000207608,1709.5850916923284,,1.5790676431484063,6.1987707e-06,,,"(0.33417574, 0.14401616, 0.1132318, 0.08136865, 0.055902164, NaN, NaN, NaN, NaN, NaN, NaN, NaN, NaN, NaN, NaN, NaN)","(0.012539581, 0.0120588085, 0.013260186, 0.0077656116, 0.009023741, NaN, NaN, NaN, NaN, NaN, NaN, NaN, NaN, NaN, NaN, NaN)","(3.844406, 5.409788, 0.9550612, 2.7298927, 4.461958, 0.0, 0.0, 0.0, 0.0, 0.0, 0.0, 0.0, 0.0, 0.0, 0.0, 0.0)","(0.036010116, 0.07337296, 0.118020795, 0.19213869, 0.24340098, NaN, NaN, NaN, NaN, NaN, NaN, NaN, NaN, NaN, NaN, NaN)","(0.42315334, 0.1889849, 0.14573166, 0.12303954, NaN, NaN, NaN, NaN, NaN, NaN, NaN, NaN, NaN, NaN, NaN, NaN)","(0.05073253, 0.043720704, 0.040370002, 0.04271599, NaN, NaN, NaN, NaN, NaN, NaN, NaN, NaN, NaN, NaN, NaN, NaN)","(3.9116669, 5.2639937, 0.94797677, 2.8534892, 0.0, 0.0, 0.0, 0.0, 0.0, 0.0, 0.0, 0.0, 0.0, 0.0, 0.0, 0.0)","(0.1291771, 0.2292965, 0.37047333, 0.46497467, NaN, NaN, NaN, NaN, NaN, NaN, NaN, NaN, NaN, NaN, NaN, NaN)","(0.2944516, 0.12344532, 0.095891275, NaN, NaN, NaN, NaN, NaN, NaN, NaN, NaN, NaN, NaN, NaN, NaN, NaN)","(0.04562574, 0.03614916, 0.048034158, NaN, NaN, NaN, NaN, NaN, NaN, NaN, NaN, NaN, NaN, NaN, NaN, NaN)","(4.475274, 0.81882524, 3.6853652, 0.0, 0.0, 0.0, 0.0, 0.0, 0.0, 0.0, 0.0, 0.0, 0.0, 0.0, 0.0, 0.0)","(0.13238545, 0.2761798, 0.5905767, NaN, NaN, NaN, NaN, NaN, NaN, NaN, NaN, NaN, NaN, NaN, NaN, NaN)",,,,,RRab,,,210.14386480290764,0.10580009,25.93129562145127,0.11315908,-0.1529872205963901,0.19175196,1.5221925,-1.2354415745650529,0.1848464,-0.889243527593409,0.15010911,18.844217,19.044685,18.498198,546.0848817077871,5.738141,329.2626987468961,15.473058,316.1396989420272,11.390369,0.011408299135140043,0.05102035285057738,0.03911727525737835,17.677827985999997,-0.1984007344521602,17.680507118464465,,,,
375316653866487565,1258709504045092608,,,0.4052818782534181,5.6890626e-06,1708.9133730723552,8.045549e-06,1708.9246516804208,3.0139397e-05,1708.937720202857,2.82184e-05,,,18.82971,0.008914496,18.98285,0.024093952,18.501202,0.033937782,,,0.32986078,0.033777725,0.38630506,0.06704218,0.4150715,0.10528035,,,,,,,,,,,,,54,51,51,,18.834595,18.98997,18.509584,1,1,1,,1709.7612227616612,1709.761537117775,1709.7616260218545,,2.4674184898410667,3.463589e-05,,,"(0.16493061, NaN, NaN, NaN, NaN, NaN, NaN, NaN, NaN, NaN, NaN, NaN, NaN, NaN, NaN, NaN)","(0.012832578, NaN, NaN, NaN, NaN, NaN, NaN, NaN, NaN, NaN, NaN, NaN, NaN, NaN, NaN, NaN)","(3.721285, 0.0, 0.0, 0.0, 0.0, 0.0, 0.0, 0.0, 0.0, 0.0, 0.0, 0.0, 0.0, 0.0, 0.0, 0.0)","(0.12367186, NaN, NaN, NaN, NaN, NaN, NaN, NaN, NaN, NaN, NaN, NaN, NaN, NaN, NaN, NaN)","(0.19315347, NaN, NaN, NaN, NaN, NaN, NaN, NaN, NaN, NaN, NaN, NaN, NaN, NaN, NaN, NaN)","(0.031828344, NaN, NaN, NaN, NaN, NaN, NaN, NaN, NaN, NaN, NaN, NaN, NaN, NaN, NaN, NaN)","(3.5531297, 0.0, 0.0, 0.0, 0.0, 0.0, 0.0, 0.0, 0.0, 0.0, 0.0, 0.0, 0.0, 0.0, 0.0, 0.0)","(0.5393091, NaN, NaN, NaN, NaN, NaN, NaN, NaN, NaN, NaN, NaN, NaN, NaN, NaN, NaN, NaN)","(0.20753612, NaN, NaN, NaN, NaN, NaN, NaN, NaN, NaN, NaN, NaN, NaN, NaN, NaN, NaN, NaN)","(0.046110976, NaN, NaN, NaN, NaN, NaN, NaN, NaN, NaN, NaN, NaN, NaN, NaN, NaN, NaN, NaN)","(3.3508253, 0.0, 0.0, 0.0, 0.0, 0.0, 0.0, 0.0, 0.0, 0.0, 0.0, 0.0, 0.0, 0.0, 0.0, 0.0)","(0.48589578, NaN, NaN, NaN, NaN, NaN, NaN, NaN, NaN, NaN, NaN, NaN, NaN, NaN, NaN, NaN)",,,,,RRc,,,210.34383025990508,0.11883801,26.65013135219596,0.12531988,0.3816360406138292,0.20468484,1.8051765,-1.5244063561060617,0.22409116,-0.9668750086709176,0.17147698,18.846685,19.028444,18.564478,544.844206655555,3.1922226,334.2254731129366,9.438717,297.4178749953747,9.793807,0.006361077229937477,0.03066078402539138,0.03575150370523413,17.937967348,-0.26524281483835527,17.84694389862609,,,,
375316653866487565,1257024914792212736,0.6277257752261672,1.4547452e-05,,,1707.66138454761,2.0573205e-05,1707.5862329408883,6.830223e-05,1707.6773614688827,6.424279e-05,,,18.548117,0.016217977,18.694382,0.048213623,18.194344,0.027121363,,,0.46333343,0.052327838,0.6830675,0.13668767,0.27245107,0.071268104,,,,,0.23086376,0.040935356,,,4.120777,0.18207113,,,41,45,41,,18.558205,18.711147,18.197514,2,2,1,,1709.0091117870204,1709.0094262534496,1709.083517925782,,1.593052315941151,3.691875e-05,,,"(0.2160437, 0.04987666, NaN, NaN, NaN, NaN, NaN, NaN, NaN, NaN, NaN, NaN, NaN, NaN, NaN, NaN)","(0.017090531, 0.01935929, NaN, NaN, NaN, NaN, NaN, NaN, NaN, NaN, NaN, NaN, NaN, NaN, NaN, NaN)","(3.837164, 5.5119195, 0.0, 0.0, 0.0, 0.0, 0.0, 0.0, 0.0, 0.0, 0.0, 0.0, 0.0, 0.0, 0.0, 0.0)","(0.11507621, 0.50416493, NaN, NaN, NaN, NaN, NaN, NaN, NaN, NaN, NaN, NaN, NaN, NaN, NaN, NaN)","(0.2144961, 0.17646965, NaN, NaN, NaN, NaN, NaN, NaN, NaN, NaN, NaN, NaN, NaN, NaN, NaN, NaN)","(0.07411078, 0.065591045, NaN, NaN, NaN, NaN, NaN, NaN, NaN, NaN, NaN, NaN, NaN, NaN, NaN, NaN)","(4.213014, 0.5698867, 0.0, 0.0, 0.0, 0.0, 0.0, 0.0, 0.0, 0.0, 0.0, 0.0, 0.0, 0.0, 0.0, 0.0)","(0.44177628, 0.82543963, NaN, NaN, NaN, NaN, NaN, NaN, NaN, NaN, NaN, NaN, NaN, NaN, NaN, NaN)","(0.13622564, NaN, NaN, NaN, NaN, NaN, NaN, NaN, NaN, NaN, NaN, NaN, NaN, NaN, NaN, NaN)","(0.037020132, NaN, NaN, NaN, NaN, NaN, NaN, NaN, NaN, NaN, NaN, NaN, NaN, NaN, NaN, NaN)","(4.6483274, 0.0, 0.0, 0.0, 0.0, 0.0, 0.0, 0.0, 0.0, 0.0, 0.0, 0.0, 0.0, 0.0, 0.0, 0.0)","(0.3410963, NaN, NaN, NaN, NaN, NaN, NaN, NaN, NaN, NaN, NaN, NaN, NaN, NaN, NaN, NaN)",,,,,RRab,-0.09805724,0.10597797,210.58411630792668,0.1282624,24.056099687471427,0.110737234,0.0770678447505083,0.1673991,1.7941978,-1.306015875357676,0.16617109,-1.2302310646229564,0.14103642,18.557547,18.735357,18.210348,711.0961617346537,5.621275,437.7982984896765,15.495492,412.1157509345409,9.407541,0.008582549865846903,0.03842741217231274,0.02478373427984392,17.539049702,-0.2022300382942147,17.69004208503118,,,,
375316653866487565,1257911670920015104,0.4114685092047088,3.4114407e-06,,,1706.869879281385,4.8245056e-06,1707.256921759338,1.7725804e-05,1707.2017548964195,0.00010684936,,,19.011732,0.0038464353,19.153456,0.023406673,18.656307,0.018623384,,,0.52930087,0.012742064,0.7811921,0.08077425,0.28113887,0.09678096,,,0.074762344,0.27245975,0.27718487,0.02066673,0.07541177,0.019215789,4.4815073,0.055978827,2.3882568,0.24853198,71,71,72,,19.02453,19.177534,18.659588,3,2,1,,1708.0828884465204,1708.0831818729364,1708.083270003537,,2.430319642037277,2.0149517e-05,,,"(0.23985663, 0.06648463, 0.018088013, NaN, NaN, NaN, NaN, NaN, NaN, NaN, NaN, NaN, NaN, NaN, NaN, NaN)","(0.0046585915, 0.0046819476, 0.0044876514, NaN, NaN, NaN, NaN, NaN, NaN, NaN, NaN, NaN, NaN, NaN, NaN, NaN)","(2.3667135, 2.9317489, 3.2052119, 0.0, 0.0, 0.0, 0.0, 0.0, 0.0, 0.0, 0.0, 0.0, 0.0, 0.0, 0.0, 0.0)","(0.08591148, 0.1793424, 0.45316094, NaN, NaN, NaN, NaN, NaN, NaN, NaN, NaN, NaN, NaN, NaN, NaN, NaN)","(0.29498982, 0.15802568, NaN, NaN, NaN, NaN, NaN, NaN, NaN, NaN, NaN, NaN, NaN, NaN, NaN, NaN)","(0.031141588, 0.027084364, NaN, NaN, NaN, NaN, NaN, NaN, NaN, NaN, NaN, NaN, NaN, NaN, NaN, NaN)","(2.7541854, 3.6502137, 0.0, 0.0, 0.0, 0.0, 0.0, 0.0, 0.0, 0.0, 0.0, 0.0, 0.0, 0.0, 0.0, 0.0)","(0.2731535, 0.539177, NaN, NaN, NaN, NaN, NaN, NaN, NaN, NaN, NaN, NaN, NaN, NaN, NaN, NaN)","(0.14056958, NaN, NaN, NaN, NaN, NaN, NaN, NaN, NaN, NaN, NaN, NaN, NaN, NaN, NaN, NaN)","(0.02821106, NaN, NaN, NaN, NaN, NaN, NaN, NaN, NaN, NaN, NaN, NaN, NaN, NaN, NaN, NaN)","(4.032386, 0.0, 0.0, 0.0, 0.0, 0.0, 0.0, 0.0, 0.0, 0.0, 0.0, 0.0, 0.0, 0.0, 0.0, 0.0)","(1.8759228, NaN, NaN, NaN, NaN, NaN, NaN, NaN, NaN, NaN, NaN, NaN, NaN, NaN, NaN, NaN)",,,,,RRab,0.060221102,0.080897346,208.8333626833068,0.14012125,23.981211216715455,0.15870607,-0.3725399656848381,0.24379537,1.3687184,-0.9278712704785222,0.2214155,-1.0062032402087835,0.21236718,19.044386,19.22963,18.714993,454.14302361427,3.1341121,277.6931224638549,8.590657,258.91752788608704,5.878066,0.0074925856614283595,0.033586990639690784,0.024648065769451246,18.022599686,-0.3856633969084638,18.14679114798066,,,,
375316653866487565,1259629279881853568,0.6324468885902189,5.1786765e-06,,,1710.1869277070552,7.3237543e-06,1710.222072038952,2.1089729e-05,1710.2695250645982,0.0001349952,,,18.479113,0.0026512688,18.617634,0.030779604,18.131,0.028913086,,,0.8567121,0.014861836,0.9634415,0.10658819,0.40220684,0.06940815,,,-2.2264836,0.23639835,0.45274898,0.0098494245,0.3554676,0.014179321,3.9394236,0.035664435,1.8748745,0.03569749,69,60,60,,18.506977,18.652647,18.139215,6,2,1,,1712.011536980638,1712.011879699295,1712.011967461324,,1.5811604389881495,1.29470445e-05,,,"(0.2891056, 0.13089226, 0.10276767, 0.0643895, 0.04339215, 0.028602233, NaN, NaN, NaN, NaN, NaN, NaN, NaN, NaN, NaN, NaN)","(0.004142111, 0.0032523011, 0.00341877, 0.0043024374, 0.003530976, 0.0035984574, NaN, NaN, NaN, NaN, NaN, NaN, NaN, NaN, NaN, NaN)","(1.730664, 1.1175662, 0.7836811, 0.51356083, 0.29521462, 0.46964556, 0.0, 0.0, 0.0, 0.0, 0.0, 0.0, 0.0, 0.0, 0.0, 0.0)","(0.03591088, 0.08863046, 0.100356124, 0.15030386, 0.16491958, 0.22978267, NaN, NaN, NaN, NaN, NaN, NaN, NaN, NaN, NaN, NaN)","(0.31432167, 0.2386606, NaN, NaN, NaN, NaN, NaN, NaN, NaN, NaN, NaN, NaN, NaN, NaN, NaN, NaN)","(0.04593604, 0.04413744, NaN, NaN, NaN, NaN, NaN, NaN, NaN, NaN, NaN, NaN, NaN, NaN, NaN, NaN)","(1.5098017, 1.3724337, 0.0, 0.0, 0.0, 0.0, 0.0, 0.0, 0.0, 0.0, 0.0, 0.0, 0.0, 0.0, 0.0, 0.0)","(0.1957426, 0.236831, NaN, NaN, NaN, NaN, NaN, NaN, NaN, NaN, NaN, NaN, NaN, NaN, NaN, NaN)","(0.20110343, NaN, NaN, NaN, NaN, NaN, NaN, NaN, NaN, NaN, NaN, NaN, NaN, NaN, NaN, NaN)","(0.03394302, NaN, NaN, NaN, NaN, NaN, NaN, NaN, NaN, NaN, NaN, NaN, NaN, NaN, NaN, NaN)","(1.6018853, 0.0, 0.0, 0.0, 0.0, 0.0, 0.0, 0.0, 0.0, 0.0, 0.0, 0.0, 0.0, 0.0, 0.0, 0.0)","(0.6639149, NaN, NaN, NaN, NaN, NaN, NaN, NaN, NaN, NaN, NaN, NaN, NaN, NaN, NaN, NaN)",,,,,RRab,-0.05537292,0.111586735,214.5783848627673,0.07612853,27.064829080777105,0.1072964,0.1099589647752825,0.15721999,1.8651965,-1.5991843997944506,0.16308844,-0.9599828098861536,0.13833228,18.504501,18.664858,18.146894,746.7007112807788,7.389321,467.1685062039946,18.298979,436.918145035432,11.322445,0.010744044686845491,0.04252684253425413,0.028135198036930043,17.483586192000004,-0.19897593965519733,17.68193937942003,,,,
375316653866487565,1247774689108256640,,,0.3354367959995379,1.8870865e-06,1703.5318439504692,2.6687433e-06,1703.5197211459931,1.3178172e-05,1703.515770549585,1.7761486e-05,,,18.692385,0.003631456,18.824158,0.027021961,18.404896,0.025543014,,,0.49563128,0.014346646,0.48357615,0.069990575,0.49525174,0.082965426,,,,,0.12896682,0.020588074,,,4.808975,0.2288827,,,54,58,57,,18.70497,18.836882,18.418299,2,1,1,,1704.32750003058,1704.3278143956156,1704.327903188374,,2.981187549863723,1.677144e-05,,,"(0.2404328, 0.031007856, NaN, NaN, NaN, NaN, NaN, NaN, NaN, NaN, NaN, NaN, NaN, NaN, NaN, NaN)","(0.00668392, 0.004901376, NaN, NaN, NaN, NaN, NaN, NaN, NaN, NaN, NaN, NaN, NaN, NaN, NaN, NaN)","(5.236073, 2.7147503, 0.0, 0.0, 0.0, 0.0, 0.0, 0.0, 0.0, 0.0, 0.0, 0.0, 0.0, 0.0, 0.0, 0.0)","(0.06256097, 0.24459279, NaN, NaN, NaN, NaN, NaN, NaN, NaN, NaN, NaN, NaN, NaN, NaN, NaN, NaN)","(0.24178813, NaN, NaN, NaN, NaN, NaN, NaN, NaN, NaN, NaN, NaN, NaN, NaN, NaN, NaN, NaN)","(0.036834344, NaN, NaN, NaN, NaN, NaN, NaN, NaN, NaN, NaN, NaN, NaN, NaN, NaN, NaN, NaN)","(5.712132, 0.0, 0.0, 0.0, 0.0, 0.0, 0.0, 0.0, 0.0, 0.0, 0.0, 0.0, 0.0, 0.0, 0.0, 0.0)","(0.31089896, NaN, NaN, NaN, NaN, NaN, NaN, NaN, NaN, NaN, NaN, NaN, NaN, NaN, NaN, NaN)","(0.2476268, NaN, NaN, NaN, NaN, NaN, NaN, NaN, NaN, NaN, NaN, NaN, NaN, NaN, NaN, NaN)","(0.025977062, NaN, NaN, NaN, NaN, NaN, NaN, NaN, NaN, NaN, NaN, NaN, NaN, NaN, NaN, NaN)","(5.789531, 0.0, 0.0, 0.0, 0.0, 0.0, 0.0, 0.0, 0.0, 0.0, 0.0, 0.0, 0.0, 0.0, 0.0, 0.0)","(0.50429505, NaN, NaN, NaN, NaN, NaN, NaN, NaN, NaN, NaN, NaN, NaN, NaN, NaN, NaN, NaN)",,,,,RRc,,,205.9318161254873,0.13394576,18.66660697289255,0.10992339,0.0157348450449969,0.16851048,1.3105295,-1.101605847528898,0.1848335,-0.7098958870187683,0.13717498,18.710127,18.88342,18.449795,617.8686956196407,4.3024387,381.986969527249,11.583547,330.55236461091835,9.912081,0.007560113871613848,0.03292326173708099,0.032556252787261236,17.858957750000002,-0.34738929884669606,18.05148864380686,,,,
375316653866487565,1258830965720483584,,,0.3114054312218037,7.211293e-06,1710.1272396810243,1.0198308e-05,1710.1148184155272,2.6508433e-05,1710.0510110612445,3.7751586e-05,,,18.524374,0.009806095,18.627745,0.029871393,18.312544,0.022146748,,,0.21785283,0.031081773,0.24038358,0.09106351,0.106035925,0.08334485,,,,,,,,,,,,,34,31,27,,18.525797,18.62976,18.312124,1,1,1,,1710.760015517267,1710.7603622325323,1710.7604500848245,,3.2112477809924043,7.436366e-05,,,"(0.108926505, NaN, NaN, NaN, NaN, NaN, NaN, NaN, NaN, NaN, NaN, NaN, NaN, NaN, NaN, NaN)","(0.013876995, NaN, NaN, NaN, NaN, NaN, NaN, NaN, NaN, NaN, NaN, NaN, NaN, NaN, NaN, NaN)","(3.3413427, 0.0, 0.0, 0.0, 0.0, 0.0, 0.0, 0.0, 0.0, 0.0, 0.0, 0.0, 0.0, 0.0, 0.0, 0.0)","(0.22335012, NaN, NaN, NaN, NaN, NaN, NaN, NaN, NaN, NaN, NaN, NaN, NaN, NaN, NaN, NaN)","(0.12019214, NaN, NaN, NaN, NaN, NaN, NaN, NaN, NaN, NaN, NaN, NaN, NaN, NaN, NaN, NaN)","(0.038817514, NaN, NaN, NaN, NaN, NaN, NaN, NaN, NaN, NaN, NaN, NaN, NaN, NaN, NaN, NaN)","(3.6026876, 0.0, 0.0, 0.0, 0.0, 0.0, 0.0, 0.0, 0.0, 0.0, 0.0, 0.0, 0.0, 0.0, 0.0, 0.0)","(0.54372656, NaN, NaN, NaN, NaN, NaN, NaN, NaN, NaN, NaN, NaN, NaN, NaN, NaN, NaN, NaN)","(0.05301804, NaN, NaN, NaN, NaN, NaN, NaN, NaN, NaN, NaN, NaN, NaN, NaN, NaN, NaN, NaN)","(0.027823197, NaN, NaN, NaN, NaN, NaN, NaN, NaN, NaN, NaN, NaN, NaN, NaN, NaN, NaN, NaN)","(4.890065, 0.0, 0.0, 0.0, 0.0, 0.0, 0.0, 0.0, 0.0, 0.0, 0.0, 0.0, 0.0, 0.0, 0.0, 0.0)","(1.2366815, NaN, NaN, NaN, NaN, NaN, NaN, NaN, NaN, NaN, NaN, NaN, NaN, NaN, NaN, NaN)",,,,,RRc,,,213.303816178458,0.12828916,25.067538321915272,0.129909,0.2468153091079038,0.1797926,1.219873,-1.1871914988885182,0.17663434,-0.2804751803700629,0.16370739,18.540972,18.650356,18.307285,722.0349045946257,3.2467842,473.4502684829762,10.292766,376.9153085394461,8.629239,0.004882081992863034,0.02360301976806634,0.024856418856013415,17.864991538000005,-0.3796738171722346,18.13187709443745,,,,
375316653866487565,1255978763838231680,0.5797577696271454,3.6809724e-06,,,1710.714721342463,5.205681e-06,1710.7394507751744,2.118459e-05,1710.741161126982,4.924316e-05,,,19.2213,0.012509196,19.45652,0.030367317,18.705088,0.09481467,,,0.88861966,0.04430167,1.0395478,0.08379863,1.0635442,0.30599236,,,-1.8519539,0.53683436,0.5113255,0.054380078,0.4557525,0.09345399,4.132602,0.22928576,1.8462265,0.21261421,36,35,37,,19.247545,19.490767,18.754215,4,3,3,,1712.2597757985193,1712.260118548765,1712.2602061334185,,1.7248582983943817,1.0951394e-05,,,"(0.25750187, 0.13166726, 0.11735711, 0.11383421, NaN, NaN, NaN, NaN, NaN, NaN, NaN, NaN, NaN, NaN, NaN, NaN)","(0.0146880895, 0.016056178, 0.018870482, 0.026702665, NaN, NaN, NaN, NaN, NaN, NaN, NaN, NaN, NaN, NaN, NaN, NaN)","(0.4297612, 4.9921246, 3.1355102, 1.439609, 0.0, 0.0, 0.0, 0.0, 0.0, 0.0, 0.0, 0.0, 0.0, 0.0, 0.0, 0.0)","(0.08566828, 0.2530536, 0.24866684, 0.2707365, NaN, NaN, NaN, NaN, NaN, NaN, NaN, NaN, NaN, NaN, NaN, NaN)","(0.25215, 0.2265173, 0.19203013, NaN, NaN, NaN, NaN, NaN, NaN, NaN, NaN, NaN, NaN, NaN, NaN, NaN)","(0.050361488, 0.052471057, 0.06984987, NaN, NaN, NaN, NaN, NaN, NaN, NaN, NaN, NaN, NaN, NaN, NaN, NaN)","(0.21980298, 4.0872507, 3.0577247, 0.0, 0.0, 0.0, 0.0, 0.0, 0.0, 0.0, 0.0, 0.0, 0.0, 0.0, 0.0, 0.0)","(0.30704135, 0.38725775, 0.7171553, NaN, NaN, NaN, NaN, NaN, NaN, NaN, NaN, NaN, NaN, NaN, NaN, NaN)","(0.35011896, 0.20304312, 0.18616958, NaN, NaN, NaN, NaN, NaN, NaN, NaN, NaN, NaN, NaN, NaN, NaN, NaN)","(0.11067615, 0.072112195, 0.17983578, NaN, NaN, NaN, NaN, NaN, NaN, NaN, NaN, NaN, NaN, NaN, NaN, NaN)","(0.37270358, 4.8576083, 2.3521159, 0.0, 0.0, 0.0, 0.0, 0.0, 0.0, 0.0, 0.0, 0.0, 0.0, 0.0, 0.0, 0.0)","(0.4438539, 0.9640365, 1.3359363, NaN, NaN, NaN, NaN, NaN, NaN, NaN, NaN, NaN, NaN, NaN, NaN, NaN)",,,,,RRab,0.56140035,0.3521223,217.00827213559504,0.18153578,25.056976202470587,0.22666119,-0.1204357513135391,0.30414128,0.21468845,0.1876068979267887,0.24547492,0.1043780847402916,0.26688161,19.290195,19.519453,18.904732,362.1335728321068,4.6928916,212.63551157629644,13.372468,217.40284927046287,10.075165,0.014069594183917851,0.06827875739086307,0.05031491848982938,18.039806238,-0.23675342245093198,17.776005311581407,,,,
375316653866487565,1248333623267869184,,,0.3459033295202516,1.9706213e-06,1704.7806431541344,2.7868793e-06,1704.7819521560273,1.6111782e-05,1705.046944370018,4.134159e-05,,,19.145287,0.006034331,19.286625,0.02197104,18.845472,0.033470817,,,0.36949253,0.019887853,0.37088785,0.081910625,0.24616663,0.12955338,,,,,0.14535989,0.04194338,,,4.57781,0.25356516,,,45,44,46,,19.151587,19.29331,18.84763,2,1,1,,1705.755052833393,1705.755367328408,1705.7554555976378,,2.8909811344890595,1.6470003e-05,,,"(0.17796102, 0.025868395, NaN, NaN, NaN, NaN, NaN, NaN, NaN, NaN, NaN, NaN, NaN, NaN, NaN, NaN)","(0.007838865, 0.009647377, NaN, NaN, NaN, NaN, NaN, NaN, NaN, NaN, NaN, NaN, NaN, NaN, NaN, NaN)","(1.7518457, 1.7983161, 0.0, 0.0, 0.0, 0.0, 0.0, 0.0, 0.0, 0.0, 0.0, 0.0, 0.0, 0.0, 0.0, 0.0)","(0.04719144, 0.2573101, NaN, NaN, NaN, NaN, NaN, NaN, NaN, NaN, NaN, NaN, NaN, NaN, NaN, NaN)","(0.18544409, NaN, NaN, NaN, NaN, NaN, NaN, NaN, NaN, NaN, NaN, NaN, NaN, NaN, NaN, NaN)","(0.027615199, NaN, NaN, NaN, NaN, NaN, NaN, NaN, NaN, NaN, NaN, NaN, NaN, NaN, NaN, NaN)","(1.9715699, 0.0, 0.0, 0.0, 0.0, 0.0, 0.0, 0.0, 0.0, 0.0, 0.0, 0.0, 0.0, 0.0, 0.0, 0.0)","(0.44148514, NaN, NaN, NaN, NaN, NaN, NaN, NaN, NaN, NaN, NaN, NaN, NaN, NaN, NaN, NaN)","(0.1230839, NaN, NaN, NaN, NaN, NaN, NaN, NaN, NaN, NaN, NaN, NaN, NaN, NaN, NaN, NaN)","(0.05138525, NaN, NaN, NaN, NaN, NaN, NaN, NaN, NaN, NaN, NaN, NaN, NaN, NaN, NaN, NaN)","(3.4462612, 0.0, 0.0, 0.0, 0.0, 0.0, 0.0, 0.0, 0.0, 0.0, 0.0, 0.0, 0.0, 0.0, 0.0, 0.0)","(1.2930126, NaN, NaN, NaN, NaN, NaN, NaN, NaN, NaN, NaN, NaN, NaN, NaN, NaN, NaN, NaN)",,,,,RRc,,,207.42720970204357,0.18469295,19.87155250694113,0.1500596,0.4974270786363226,0.23095948,0.81781477,-0.7696521603230357,0.2801077,-0.2765076888901561,0.19682766,19.148796,19.296906,18.88807,412.5044363230245,2.5323112,261.00833517348343,10.248455,220.76502608004583,6.1092486,0.0066649713984822485,0.042629855426281414,0.030044664785875322,18.359504207999997,-0.33404525762913845,18.01826198117514,,,,
375316653866487565,1253064405189570816,,,0.2632112258576631,5.785912e-06,1709.760245416389,8.182516e-06,1709.769521125721,2.5104791e-05,1709.7978367008504,1.4053938e-05,,,19.114517,0.011473537,19.183964,0.033603568,18.872995,0.023823084,,,0.30142805,0.024878165,0.22708823,0.11521482,0.30404145,0.073877245,,,,,,,,,,,,,40,37,37,,19.118498,19.185768,18.877327,1,1,1,,1710.5080285090503,1710.5083429038507,1710.5084316220266,,3.799230054651128,8.3514715e-05,,,"(0.15071404, NaN, NaN, NaN, NaN, NaN, NaN, NaN, NaN, NaN, NaN, NaN, NaN, NaN, NaN, NaN)","(0.012726498, NaN, NaN, NaN, NaN, NaN, NaN, NaN, NaN, NaN, NaN, NaN, NaN, NaN, NaN, NaN)","(2.1421986, 0.0, 0.0, 0.0, 0.0, 0.0, 0.0, 0.0, 0.0, 0.0, 0.0, 0.0, 0.0, 0.0, 0.0, 0.0)","(0.36030027, NaN, NaN, NaN, NaN, NaN, NaN, NaN, NaN, NaN, NaN, NaN, NaN, NaN, NaN, NaN)","(0.11354443, NaN, NaN, NaN, NaN, NaN, NaN, NaN, NaN, NaN, NaN, NaN, NaN, NaN, NaN, NaN)","(0.04291317, NaN, NaN, NaN, NaN, NaN, NaN, NaN, NaN, NaN, NaN, NaN, NaN, NaN, NaN, NaN)","(1.9313036, 0.0, 0.0, 0.0, 0.0, 0.0, 0.0, 0.0, 0.0, 0.0, 0.0, 0.0, 0.0, 0.0, 0.0, 0.0)","(1.1486686, NaN, NaN, NaN, NaN, NaN, NaN, NaN, NaN, NaN, NaN, NaN, NaN, NaN, NaN, NaN)","(0.15202081, NaN, NaN, NaN, NaN, NaN, NaN, NaN, NaN, NaN, NaN, NaN, NaN, NaN, NaN, NaN)","(0.036939204, NaN, NaN, NaN, NaN, NaN, NaN, NaN, NaN, NaN, NaN, NaN, NaN, NaN, NaN, NaN)","(1.2577506, 0.0, 0.0, 0.0, 0.0, 0.0, 0.0, 0.0, 0.0, 0.0, 0.0, 0.0, 0.0, 0.0, 0.0, 0.0)","(0.43969327, NaN, NaN, NaN, NaN, NaN, NaN, NaN, NaN, NaN, NaN, NaN, NaN, NaN, NaN, NaN)",,,,,RRc,,,214.74549985834707,0.16120945,22.612507022521758,0.17777708,-0.051231650258871,0.26332885,0.93838716,-0.6964535631578918,0.20571324,-0.628906129213366,0.21843062,19.104683,19.208652,18.870106,429.6088749368636,2.6486785,283.1106478193045,8.16301,224.44825223844916,5.649446,0.006693693764758971,0.03130429754325788,0.027327472863026742,18.463831587999998,-0.4526955921702751,18.31370131418257,,,,
375316653866487565,1242328223900152192,0.6873928742944093,9.503986e-06,,,1710.4026825746143,1.34406655e-05,1710.3475014572732,0.00020371238,1710.4248880230875,5.7329187e-05,,,19.053825,0.015015105,19.307037,0.043136653,18.63662,0.036581475,,,0.4830319,0.07261835,0.35346475,0.12875924,0.49955618,0.09499282,,,-1.4319613,0.8977467,0.35043758,0.07059207,0.260552,0.07097084,3.960517,0.15844007,2.350819,0.36522916,41,35,35,,19.063883,19.313467,18.650032,3,1,1,,1712.0077449360915,1712.0820910277353,1712.0081751662167,,1.4547721359876966,2.0113874e-05,,,"(0.19942981, 0.0698877, 0.051961835, NaN, NaN, NaN, NaN, NaN, NaN, NaN, NaN, NaN, NaN, NaN, NaN, NaN)","(0.020131007, 0.019780776, 0.016900351, NaN, NaN, NaN, NaN, NaN, NaN, NaN, NaN, NaN, NaN, NaN, NaN, NaN)","(4.7518883, 0.89792246, 4.040113, 0.0, 0.0, 0.0, 0.0, 0.0, 0.0, 0.0, 0.0, 0.0, 0.0, 0.0, 0.0, 0.0)","(0.09186119, 0.22951663, 0.2787005, NaN, NaN, NaN, NaN, NaN, NaN, NaN, NaN, NaN, NaN, NaN, NaN, NaN)","(0.17673272, NaN, NaN, NaN, NaN, NaN, NaN, NaN, NaN, NaN, NaN, NaN, NaN, NaN, NaN, NaN)","(0.058877096, NaN, NaN, NaN, NaN, NaN, NaN, NaN, NaN, NaN, NaN, NaN, NaN, NaN, NaN, NaN)","(0.14649773, 0.0, 0.0, 0.0, 0.0, 0.0, 0.0, 0.0, 0.0, 0.0, 0.0, 0.0, 0.0, 0.0, 0.0, 0.0)","(1.2109472, NaN, NaN, NaN, NaN, NaN, NaN, NaN, NaN, NaN, NaN, NaN, NaN, NaN, NaN, NaN)","(0.2497793, NaN, NaN, NaN, NaN, NaN, NaN, NaN, NaN, NaN, NaN, NaN, NaN, NaN, NaN, NaN)","(0.04209536, NaN, NaN, NaN, NaN, NaN, NaN, NaN, NaN, NaN, NaN, NaN, NaN, NaN, NaN, NaN)","(5.048516, 0.0, 0.0, 0.0, 0.0, 0.0, 0.0, 0.0, 0.0, 0.0, 0.0, 0.0, 0.0, 0.0, 0.0, 0.0)","(0.29281268, NaN, NaN, NaN, NaN, NaN, NaN, NaN, NaN, NaN, NaN, NaN, NaN, NaN, NaN, NaN)",,,,,RRab,0.08587101,0.14677893,218.44053478153887,0.15328631,22.536218929366377,0.2259113,0.06337104691021,0.3007732,0.8816358,-0.5972503301364626,0.20412546,-0.6485165680356793,0.28285623,19.103863,19.399998,18.737303,429.9340697435442,3.1584487,237.36567192712505,9.222747,253.65126176061705,11.624216,0.007975938626207213,0.04218443356448859,0.04975497154479166,17.78012521,-0.16279497419276742,17.591848775418576,,,,
375316653866487565,1252246609057063168,0.6093244930300379,2.7780638e-05,,,1708.1335508955476,3.9287755e-05,1708.1430718500133,8.6585336e-05,1708.181041987735,5.4879183e-05,,,18.40551,0.057504643,18.548008,0.055413816,17.967947,0.09136576,,,0.7820075,0.13921453,0.8595934,0.21071155,0.62309605,0.13226357,,,,,0.45642233,0.12074741,,,4.0695887,0.21835703,,,42,42,39,,18.433815,18.589571,17.98327,2,1,2,,1709.7567913449795,1709.7571056944614,1709.757194608461,,1.6411616658099824,7.48247e-05,,,"(0.31713378, 0.14474693, NaN, NaN, NaN, NaN, NaN, NaN, NaN, NaN, NaN, NaN, NaN, NaN, NaN, NaN)","(0.030573823, 0.047581285, NaN, NaN, NaN, NaN, NaN, NaN, NaN, NaN, NaN, NaN, NaN, NaN, NaN, NaN)","(0.7338978, 5.537384, 0.0, 0.0, 0.0, 0.0, 0.0, 0.0, 0.0, 0.0, 0.0, 0.0, 0.0, 0.0, 0.0, 0.0)","(0.24316935, 0.6065949, NaN, NaN, NaN, NaN, NaN, NaN, NaN, NaN, NaN, NaN, NaN, NaN, NaN, NaN)","(0.42979681, NaN, NaN, NaN, NaN, NaN, NaN, NaN, NaN, NaN, NaN, NaN, NaN, NaN, NaN, NaN)","(0.07283882, NaN, NaN, NaN, NaN, NaN, NaN, NaN, NaN, NaN, NaN, NaN, NaN, NaN, NaN, NaN)","(0.93547297, 0.0, 0.0, 0.0, 0.0, 0.0, 0.0, 0.0, 0.0, 0.0, 0.0, 0.0, 0.0, 0.0, 0.0, 0.0)","(0.44161704, NaN, NaN, NaN, NaN, NaN, NaN, NaN, NaN, NaN, NaN, NaN, NaN, NaN, NaN, NaN)","(0.07959241, 0.25610816, NaN, NaN, NaN, NaN, NaN, NaN, NaN, NaN, NaN, NaN, NaN, NaN, NaN, NaN)","(0.10995176, 0.16487345, NaN, NaN, NaN, NaN, NaN, NaN, NaN, NaN, NaN, NaN, NaN, NaN, NaN, NaN)","(5.82387, 4.36997, 0.0, 0.0, 0.0, 0.0, 0.0, 0.0, 0.0, 0.0, 0.0, 0.0, 0.0, 0.0, 0.0, 0.0)","(0.8606163, 0.93903303, NaN, NaN, NaN, NaN, NaN, NaN, NaN, NaN, NaN, NaN, NaN, NaN, NaN, NaN)",,,,,RRab,0.24579409,0.38031903,214.1375300700257,0.11469235,21.02422093191561,0.12022285,-0.0725694898468731,0.20078577,1.2674053,-0.7983444170506344,0.14491183,-0.9843588398284944,0.1365254,18.45476,18.624975,18.095396,781.7055031071515,11.027994,484.6483369871899,26.51226,458.1418063422392,22.292982,0.01531662888160428,0.05939226132691924,0.052829692078612905,17.387659162000002,-0.2151513641798209,17.72221618648634,,,,
375316653866487565,1260047442192835968,,,0.411990908584796,3.0322421e-06,1710.0763428444702,4.288238e-06,1710.06709256738,1.8255212e-05,1710.1126160339018,2.8288461e-05,,,18.575672,0.003454862,18.794762,0.015017598,18.27207,0.026709914,,,0.3762654,0.011210475,0.44825548,0.03982388,0.21469077,0.088023804,,,-2.33877,0.2567872,0.15941654,0.020314118,0.103468575,0.029764494,5.1262813,0.19120805,3.5830398,0.20585242,63,62,61,,18.582855,18.804844,18.273586,3,1,1,,1711.2616406884688,1711.2619341551338,1711.262022123204,,2.42723802676869,1.7864406e-05,,,"(0.1886035, 0.030066518, 0.019514536, NaN, NaN, NaN, NaN, NaN, NaN, NaN, NaN, NaN, NaN, NaN, NaN, NaN)","(0.003170805, 0.0040562204, 0.0057757287, NaN, NaN, NaN, NaN, NaN, NaN, NaN, NaN, NaN, NaN, NaN, NaN, NaN)","(1.802586, 2.448268, 2.707612, 0.0, 0.0, 0.0, 0.0, 0.0, 0.0, 0.0, 0.0, 0.0, 0.0, 0.0, 0.0, 0.0)","(0.05655827, 0.2272235, 0.30023015, NaN, NaN, NaN, NaN, NaN, NaN, NaN, NaN, NaN, NaN, NaN, NaN, NaN)","(0.22412774, NaN, NaN, NaN, NaN, NaN, NaN, NaN, NaN, NaN, NaN, NaN, NaN, NaN, NaN, NaN)","(0.021951398, NaN, NaN, NaN, NaN, NaN, NaN, NaN, NaN, NaN, NaN, NaN, NaN, NaN, NaN, NaN)","(2.5130072, 0.0, 0.0, 0.0, 0.0, 0.0, 0.0, 0.0, 0.0, 0.0, 0.0, 0.0, 0.0, 0.0, 0.0, 0.0)","(0.3010197, NaN, NaN, NaN, NaN, NaN, NaN, NaN, NaN, NaN, NaN, NaN, NaN, NaN, NaN, NaN)","(0.10734545, NaN, NaN, NaN, NaN, NaN, NaN, NaN, NaN, NaN, NaN, NaN, NaN, NaN, NaN, NaN)","(0.029928656, NaN, NaN, NaN, NaN, NaN, NaN, NaN, NaN, NaN, NaN, NaN, NaN, NaN, NaN, NaN)","(1.8231727, 0.0, 0.0, 0.0, 0.0, 0.0, 0.0, 0.0, 0.0, 0.0, 0.0, 0.0, 0.0, 0.0, 0.0, 0.0)","(0.5139764, NaN, NaN, NaN, NaN, NaN, NaN, NaN, NaN, NaN, NaN, NaN, NaN, NaN, NaN, NaN)",,,,,RRc,,,212.87550857907397,0.0909329,27.021001264947277,0.11717858,-0.1327981718545312,0.181001,1.6181105,-1.2701535586979769,0.16543004,-1.0024926570336097,0.14127827,18.605392,18.832436,18.311409,680.4402483906258,4.0234685,400.3524529736141,10.635754,375.4870099554847,7.7610145,0.006419784486267289,0.028842681072722292,0.022440545795842436,17.574258106000002,-0.25811236744992283,17.829189084628894,,,,
375316653866487565,1441472182239737472,,,0.3484685412549717,1.5969889e-06,1691.1960860909828,2.2584834e-06,1691.1813752114806,1.4638033e-05,1691.2512362550915,2.432519e-05,,,18.878622,0.0039914376,19.042208,0.03407482,18.550789,0.032203898,,,0.37483555,0.011024019,0.6396028,0.1421174,0.20183039,0.1157607,,,,,0.08087471,0.024075974,,,5.4338617,0.41205293,,,57,52,52,,18.88555,19.064903,18.551918,2,1,1,,1691.997215267328,1691.9975296734597,1691.9976183421018,,2.869699504002882,1.31514835e-05,,,"(0.18601328, 0.01504377, NaN, NaN, NaN, NaN, NaN, NaN, NaN, NaN, NaN, NaN, NaN, NaN, NaN, NaN)","(0.0042190533, 0.005144065, NaN, NaN, NaN, NaN, NaN, NaN, NaN, NaN, NaN, NaN, NaN, NaN, NaN, NaN)","(4.870469, 2.6084287, 0.0, 0.0, 0.0, 0.0, 0.0, 0.0, 0.0, 0.0, 0.0, 0.0, 0.0, 0.0, 0.0, 0.0)","(0.042554144, 0.41880873, NaN, NaN, NaN, NaN, NaN, NaN, NaN, NaN, NaN, NaN, NaN, NaN, NaN, NaN)","(0.319802, NaN, NaN, NaN, NaN, NaN, NaN, NaN, NaN, NaN, NaN, NaN, NaN, NaN, NaN, NaN)","(0.045467224, NaN, NaN, NaN, NaN, NaN, NaN, NaN, NaN, NaN, NaN, NaN, NaN, NaN, NaN, NaN)","(5.292377, 0.0, 0.0, 0.0, 0.0, 0.0, 0.0, 0.0, 0.0, 0.0, 0.0, 0.0, 0.0, 0.0, 0.0, 0.0)","(0.3368098, NaN, NaN, NaN, NaN, NaN, NaN, NaN, NaN, NaN, NaN, NaN, NaN, NaN, NaN, NaN)","(0.10091527, NaN, NaN, NaN, NaN, NaN, NaN, NaN, NaN, NaN, NaN, NaN, NaN, NaN, NaN, NaN)","(0.04099039, NaN, NaN, NaN, NaN, NaN, NaN, NaN, NaN, NaN, NaN, NaN, NaN, NaN, NaN, NaN)","(4.035057, 0.0, 0.0, 0.0, 0.0, 0.0, 0.0, 0.0, 0.0, 0.0, 0.0, 0.0, 0.0, 0.0, 0.0, 0.0)","(0.41221794, NaN, NaN, NaN, NaN, NaN, NaN, NaN, NaN, NaN, NaN, NaN, NaN, NaN, NaN, NaN)",,,,,RRc,,,202.1657475451087,0.14585674,20.58593692261259,0.113815404,0.1485423647835009,0.20084904,0.8116129,-0.5229015473419139,0.21140124,-0.6207168938419643,0.13915169,18.855667,18.99098,18.581137,540.3557778120096,2.9816558,345.9594379075079,15.343703,292.8893412446129,7.6658287,0.005990837583282436,0.048152056344691156,0.02841615944172936,18.090903753999996,-0.33083642266225366,18.010271982107597,,,,
375316653866487565,1455206869177310336,0.6272396612358996,1.3906549e-06,,,1688.74145799009,1.9666832e-06,1688.733609142241,4.9805825e-05,1688.733551291905,9.058096e-05,,,18.891146,0.0035924145,18.898878,0.0642129,18.494516,0.031160563,,,1.087368,0.024740573,1.1260592,0.114867635,0.542196,0.07636513,,,-1.9099096,0.23668663,0.509396,0.010317821,0.34890446,0.012283886,3.939744,0.026311036,1.9830484,0.04016768,92,86,84,,18.935083,18.955725,18.510742,6,2,1,,1690.2531055736686,1690.2534268308837,1690.2535162537151,,1.5942869397474346,3.5346984e-06,,,"(0.3541336, 0.18039425, 0.1235588, 0.08355045, 0.05341888, 0.023038678, NaN, NaN, NaN, NaN, NaN, NaN, NaN, NaN, NaN, NaN)","(0.0025827468, 0.0039903005, 0.0044681868, 0.0047494317, 0.0043013436, 0.004278516, NaN, NaN, NaN, NaN, NaN, NaN, NaN, NaN, NaN, NaN)","(5.022463, 1.4182993, 4.4840665, 1.2105993, 4.5048013, 1.2525795, 0.0, 0.0, 0.0, 0.0, 0.0, 0.0, 0.0, 0.0, 0.0, 0.0)","(0.016739402, 0.035168856, 0.047330093, 0.059696134, 0.14962253, 0.2540111, NaN, NaN, NaN, NaN, NaN, NaN, NaN, NaN, NaN, NaN)","(0.46521214, 0.24945992, NaN, NaN, NaN, NaN, NaN, NaN, NaN, NaN, NaN, NaN, NaN, NaN, NaN, NaN)","(0.05646578, 0.06954214, NaN, NaN, NaN, NaN, NaN, NaN, NaN, NaN, NaN, NaN, NaN, NaN, NaN, NaN)","(4.8164725, 3.0663009, 0.0, 0.0, 0.0, 0.0, 0.0, 0.0, 0.0, 0.0, 0.0, 0.0, 0.0, 0.0, 0.0, 0.0)","(0.43925938, 0.7394193, NaN, NaN, NaN, NaN, NaN, NaN, NaN, NaN, NaN, NaN, NaN, NaN, NaN, NaN)","(0.2710988, NaN, NaN, NaN, NaN, NaN, NaN, NaN, NaN, NaN, NaN, NaN, NaN, NaN, NaN, NaN)","(0.02909694, NaN, NaN, NaN, NaN, NaN, NaN, NaN, NaN, NaN, NaN, NaN, NaN, NaN, NaN, NaN)","(5.7969675, 0.0, 0.0, 0.0, 0.0, 0.0, 0.0, 0.0, 0.0, 0.0, 0.0, 0.0, 0.0, 0.0, 0.0, 0.0)","(0.76056236, NaN, NaN, NaN, NaN, NaN, NaN, NaN, NaN, NaN, NaN, NaN, NaN, NaN, NaN, NaN)",,,,,RRab,0.1461585,0.1079507,205.52978907232847,0.14465907,29.76556692776148,0.122652195,0.0518245768481593,0.2141964,0.8139952,-0.7284129009756092,0.23814754,-0.3633218342703114,0.15525989,18.959631,19.112085,18.618233,491.0147420204119,4.8015466,309.4445185250073,13.743293,283.0512626525764,9.540052,0.010616868899230096,0.048218961128226205,0.03659278661870234,17.941962456,-0.2025664884114437,17.69087984582308,,,,
375316653866487565,1452142427191511808,0.6850779537908598,2.0174143e-06,,,1691.4947991127572,2.8530546e-06,1691.545208152315,6.52508e-05,1691.532902856114,5.7228823e-05,,,18.750208,0.0029909469,18.87908,0.03242758,18.381746,0.02430261,,,0.8534003,0.021110998,0.8564084,0.182394,0.47673017,0.077547446,,,-2.0444157,0.2832037,0.46172878,0.015547046,0.36408553,0.020011356,4.037969,0.040571846,2.0969367,0.0689633,57,57,55,,18.7757,18.909424,18.391184,5,2,2,,1693.2547643760458,1693.2550785986648,1693.2551680352951,,1.4596879004302037,4.298482e-06,,,"(0.2756232, 0.12726317, 0.10035042, 0.076048784, 0.039444745, NaN, NaN, NaN, NaN, NaN, NaN, NaN, NaN, NaN, NaN, NaN)","(0.0029790392, 0.0039307396, 0.0054545333, 0.006579333, 0.0046683494, NaN, NaN, NaN, NaN, NaN, NaN, NaN, NaN, NaN, NaN, NaN)","(5.997335, 3.4662683, 1.2393857, 5.416339, 3.2640216, 0.0, 0.0, 0.0, 0.0, 0.0, 0.0, 0.0, 0.0, 0.0, 0.0, 0.0)","(0.016201915, 0.02541227, 0.051953375, 0.056936562, 0.15945475, NaN, NaN, NaN, NaN, NaN, NaN, NaN, NaN, NaN, NaN, NaN)","(0.3318699, 0.16284887, NaN, NaN, NaN, NaN, NaN, NaN, NaN, NaN, NaN, NaN, NaN, NaN, NaN, NaN)","(0.048487492, 0.064859144, NaN, NaN, NaN, NaN, NaN, NaN, NaN, NaN, NaN, NaN, NaN, NaN, NaN, NaN)","(5.707188, 3.6606457, 0.0, 0.0, 0.0, 0.0, 0.0, 0.0, 0.0, 0.0, 0.0, 0.0, 0.0, 0.0, 0.0, 0.0)","(0.3647757, 0.33577836, NaN, NaN, NaN, NaN, NaN, NaN, NaN, NaN, NaN, NaN, NaN, NaN, NaN, NaN)","(0.19217262, 0.085324496, NaN, NaN, NaN, NaN, NaN, NaN, NaN, NaN, NaN, NaN, NaN, NaN, NaN, NaN)","(0.030248674, 0.042834353, NaN, NaN, NaN, NaN, NaN, NaN, NaN, NaN, NaN, NaN, NaN, NaN, NaN, NaN)","(5.9946046, 3.7392228, 0.0, 0.0, 0.0, 0.0, 0.0, 0.0, 0.0, 0.0, 0.0, 0.0, 0.0, 0.0, 0.0, 0.0)","(0.37304297, 1.0340889, NaN, NaN, NaN, NaN, NaN, NaN, NaN, NaN, NaN, NaN, NaN, NaN, NaN, NaN)",,,,,RRab,-0.016038643,0.09229763,207.6694013167639,0.15071645,28.340514801632946,0.120878436,-0.0351013673156737,0.19588916,1.1735916,-0.886283057908217,0.23421389,-0.7692981366154844,0.14524724,18.768072,18.923113,18.392216,585.7575076830144,5.6032486,368.2744221956174,15.344465,348.5555815486327,9.752236,0.010385606544051481,0.045236607938117776,0.030376798380784775,17.729823966,-0.1642600081061196,17.595496709862825,,,,
375316653866487565,1469693415909950336,0.6492865141822758,9.889209e-06,,,1681.367494679623,1.3985453e-05,1681.4473051087848,7.120044e-05,1681.3203376179197,4.100426e-05,,,19.103046,0.006044674,19.25672,0.033310935,18.718758,0.028707713,,,0.30203292,0.015416252,0.28356653,0.14642496,0.4293113,0.093291365,,,,,0.23995322,0.040389456,,,4.387721,0.15221114,,,48,46,40,,19.106441,19.260221,18.72428,2,1,2,,1683.2491269977234,1683.2494413170823,1683.2495303744493,,1.5401521179897286,2.345788e-05,,,"(0.13865496, 0.033270705, NaN, NaN, NaN, NaN, NaN, NaN, NaN, NaN, NaN, NaN, NaN, NaN, NaN, NaN)","(0.0045045526, 0.0060948855, NaN, NaN, NaN, NaN, NaN, NaN, NaN, NaN, NaN, NaN, NaN, NaN, NaN, NaN)","(2.2030468, 2.5106297, 0.0, 0.0, 0.0, 0.0, 0.0, 0.0, 0.0, 0.0, 0.0, 0.0, 0.0, 0.0, 0.0, 0.0)","(0.056256738, 0.19396003, NaN, NaN, NaN, NaN, NaN, NaN, NaN, NaN, NaN, NaN, NaN, NaN, NaN, NaN)","(0.14178357, NaN, NaN, NaN, NaN, NaN, NaN, NaN, NaN, NaN, NaN, NaN, NaN, NaN, NaN, NaN)","(0.045365736, NaN, NaN, NaN, NaN, NaN, NaN, NaN, NaN, NaN, NaN, NaN, NaN, NaN, NaN, NaN)","(1.7320999, 0.0, 0.0, 0.0, 0.0, 0.0, 0.0, 0.0, 0.0, 0.0, 0.0, 0.0, 0.0, 0.0, 0.0, 0.0)","(0.44054347, NaN, NaN, NaN, NaN, NaN, NaN, NaN, NaN, NaN, NaN, NaN, NaN, NaN, NaN, NaN)","(0.08904595, 0.1502173, NaN, NaN, NaN, NaN, NaN, NaN, NaN, NaN, NaN, NaN, NaN, NaN, NaN, NaN)","(0.028704392, 0.04609289, NaN, NaN, NaN, NaN, NaN, NaN, NaN, NaN, NaN, NaN, NaN, NaN, NaN, NaN)","(2.4642422, 2.9136217, 0.0, 0.0, 0.0, 0.0, 0.0, 0.0, 0.0, 0.0, 0.0, 0.0, 0.0, 0.0, 0.0, 0.0)","(0.5447124, 0.38502803, NaN, NaN, NaN, NaN, NaN, NaN, NaN, NaN, NaN, NaN, NaN, NaN, NaN, NaN)",,,,,RRab,-0.03498487,0.100823656,200.38294725107383,0.16707505,33.029396821201345,0.15064764,0.1265774487772029,0.25688237,0.40757924,-0.4000872177539907,0.2118089,0.0777884822821813,0.23250782,19.088903,19.295912,18.669226,435.8985816115284,2.1632724,261.2476520908567,7.7694345,270.06487825135304,9.329738,0.0053880993051111225,0.03228842429449426,0.037506900609165957,17.898555507999994,-0.18756361742147598,17.65352269705806,,,,
375316653866487565,1448835856425535232,0.5412721284512596,8.897388e-06,,,1687.6337950979585,1.2582807e-05,1688.217985860058,2.1548249e-05,1688.2337802916425,2.5292613e-05,,,18.641396,0.0075354967,18.793512,0.028076135,18.27907,0.025491832,,,0.6227427,0.035037987,0.59666145,0.122384734,0.36899498,0.06002978,,,-0.49827018,0.39948764,0.3411284,0.036951665,0.21908262,0.055250622,4.269474,0.18879335,2.4638183,0.2780516,78,72,75,,18.657942,18.812216,18.285423,3,1,1,,1689.250033673514,1689.3243786733767,1689.3244680769085,,1.8474995246130577,3.0369052e-05,,,"(0.26001716, 0.088699244, 0.056965243, NaN, NaN, NaN, NaN, NaN, NaN, NaN, NaN, NaN, NaN, NaN, NaN, NaN)","(0.014731108, 0.010100764, 0.0140958605, NaN, NaN, NaN, NaN, NaN, NaN, NaN, NaN, NaN, NaN, NaN, NaN, NaN)","(2.5087218, 3.0037322, 3.706798, 0.0, 0.0, 0.0, 0.0, 0.0, 0.0, 0.0, 0.0, 0.0, 0.0, 0.0, 0.0, 0.0)","(0.05535297, 0.14718951, 0.21420603, NaN, NaN, NaN, NaN, NaN, NaN, NaN, NaN, NaN, NaN, NaN, NaN, NaN)","(0.29833075, NaN, NaN, NaN, NaN, NaN, NaN, NaN, NaN, NaN, NaN, NaN, NaN, NaN, NaN, NaN)","(0.026773626, NaN, NaN, NaN, NaN, NaN, NaN, NaN, NaN, NaN, NaN, NaN, NaN, NaN, NaN, NaN)","(3.4176927, 0.0, 0.0, 0.0, 0.0, 0.0, 0.0, 0.0, 0.0, 0.0, 0.0, 0.0, 0.0, 0.0, 0.0, 0.0)","(0.15266426, NaN, NaN, NaN, NaN, NaN, NaN, NaN, NaN, NaN, NaN, NaN, NaN, NaN, NaN, NaN)","(0.18449807, NaN, NaN, NaN, NaN, NaN, NaN, NaN, NaN, NaN, NaN, NaN, NaN, NaN, NaN, NaN)","(0.03276539, NaN, NaN, NaN, NaN, NaN, NaN, NaN, NaN, NaN, NaN, NaN, NaN, NaN, NaN, NaN)","(3.238337, 0.0, 0.0, 0.0, 0.0, 0.0, 0.0, 0.0, 0.0, 0.0, 0.0, 0.0, 0.0, 0.0, 0.0, 0.0)","(0.17699723, NaN, NaN, NaN, NaN, NaN, NaN, NaN, NaN, NaN, NaN, NaN, NaN, NaN, NaN, NaN)",,,,,RRab,0.0054398994,0.09564009,202.98964027536505,0.17428744,27.264308515089127,0.11335697,0.1238767277919926,0.1997358,0.5019506,0.4681800621607956,0.26179042,-0.1810022934598039,0.10838133,18.669273,18.877022,18.329525,641.5604093655971,4.846745,384.2450801162606,13.307399,369.2737731370342,9.283236,0.00820205076510785,0.03760059358451261,0.02729359640025084,17.589106766,-0.2665843353169568,17.850284284617807,,,,
375316653866487565,1453431020459339008,0.5419697371596754,3.920472e-06,,,1711.3520556762485,5.5443847e-06,1711.3388185201795,2.7256616e-05,1711.4197792688103,8.375576e-05,,,18.764233,0.0057083997,18.93431,0.02804878,18.41654,0.030402089,,,0.9232141,0.022936251,0.9860082,0.12313018,0.47311056,0.09507466,,,-1.1723499,0.37259525,0.47346798,0.03628673,0.3461071,0.024641054,4.019036,0.07518194,2.0264096,0.15521514,47,47,44,,18.796442,18.972273,18.42325,5,3,2,,1712.514580762456,1712.5149234839507,1712.5150112499489,,1.8451214734622337,1.3347142e-05,,,"(0.31478608, 0.14904113, 0.1089497, 0.06756869, 0.03398431, NaN, NaN, NaN, NaN, NaN, NaN, NaN, NaN, NaN, NaN, NaN)","(0.010609278, 0.01060215, 0.007361852, 0.01166531, 0.010495886, NaN, NaN, NaN, NaN, NaN, NaN, NaN, NaN, NaN, NaN, NaN)","(3.4137633, 4.563377, 5.984514, 0.99368125, 2.4466095, 0.0, 0.0, 0.0, 0.0, 0.0, 0.0, 0.0, 0.0, 0.0, 0.0, 0.0)","(0.06694853, 0.13292561, 0.22224833, 0.24042355, 0.5336235, NaN, NaN, NaN, NaN, NaN, NaN, NaN, NaN, NaN, NaN, NaN)","(0.33047876, 0.13814792, 0.18489382, NaN, NaN, NaN, NaN, NaN, NaN, NaN, NaN, NaN, NaN, NaN, NaN, NaN)","(0.041911397, 0.045566417, 0.052500512, NaN, NaN, NaN, NaN, NaN, NaN, NaN, NaN, NaN, NaN, NaN, NaN, NaN)","(3.7103038, 5.0496693, 0.48436758, 0.0, 0.0, 0.0, 0.0, 0.0, 0.0, 0.0, 0.0, 0.0, 0.0, 0.0, 0.0, 0.0)","(0.22499414, 0.622116, 1.1015831, NaN, NaN, NaN, NaN, NaN, NaN, NaN, NaN, NaN, NaN, NaN, NaN, NaN)","(0.1327032, 0.13581537, NaN, NaN, NaN, NaN, NaN, NaN, NaN, NaN, NaN, NaN, NaN, NaN, NaN, NaN)","(0.0397931, 0.026753178, NaN, NaN, NaN, NaN, NaN, NaN, NaN, NaN, NaN, NaN, NaN, NaN, NaN, NaN)","(2.6374898, 3.7002861, 0.0, 0.0, 0.0, 0.0, 0.0, 0.0, 0.0, 0.0, 0.0, 0.0, 0.0, 0.0, 0.0, 0.0)","(0.9975033, 1.427342, NaN, NaN, NaN, NaN, NaN, NaN, NaN, NaN, NaN, NaN, NaN, NaN, NaN, NaN)",,,,,RRab,0.006084242,0.11480624,212.30765333783208,0.12466287,30.650594893788966,0.13668942,-0.1615687169724869,0.1931824,1.7206433,-1.560527386603482,0.20478629,-0.7248225665653955,0.1972046,18.830376,19.040972,18.445868,553.090501976936,7.2680426,330.3911944662075,15.920227,331.7501839500848,10.877404,0.014266948759046045,0.05231553002441739,0.035597862771876786,17.620443112000004,-0.2660249631876202,17.84889144801576,,,,
375316653866487565,1471422161722231424,,,0.2983637740566652,8.0462706e-07,1686.8692929205297,1.1379145e-06,1687.2018139520496,1.1622356e-05,1687.1789181260451,2.2322249e-05,,,18.840853,0.0026312289,18.907497,0.04110683,18.549255,0.033312645,,,0.48322803,0.008068201,0.48388472,0.12990507,0.29393893,0.10408351,,,,,0.21660617,0.017036581,,,4.6511674,0.09952905,,,80,69,66,,18.85134,18.920029,18.553104,2,1,1,,1687.756030057026,1688.00649596073,1688.0065844361004,,3.3516133222328794,9.038627e-06,,,"(0.22396652, 0.04851253, NaN, NaN, NaN, NaN, NaN, NaN, NaN, NaN, NaN, NaN, NaN, NaN, NaN, NaN)","(0.0028419928, 0.0034973081, NaN, NaN, NaN, NaN, NaN, NaN, NaN, NaN, NaN, NaN, NaN, NaN, NaN, NaN)","(2.6331346, 3.6342514, 0.0, 0.0, 0.0, 0.0, 0.0, 0.0, 0.0, 0.0, 0.0, 0.0, 0.0, 0.0, 0.0, 0.0)","(0.03851904, 0.118964925, NaN, NaN, NaN, NaN, NaN, NaN, NaN, NaN, NaN, NaN, NaN, NaN, NaN, NaN)","(0.2419433, NaN, NaN, NaN, NaN, NaN, NaN, NaN, NaN, NaN, NaN, NaN, NaN, NaN, NaN, NaN)","(0.05888458, NaN, NaN, NaN, NaN, NaN, NaN, NaN, NaN, NaN, NaN, NaN, NaN, NaN, NaN, NaN)","(1.2350092, 0.0, 0.0, 0.0, 0.0, 0.0, 0.0, 0.0, 0.0, 0.0, 0.0, 0.0, 0.0, 0.0, 0.0, 0.0)","(0.21180344, NaN, NaN, NaN, NaN, NaN, NaN, NaN, NaN, NaN, NaN, NaN, NaN, NaN, NaN, NaN)","(0.14696999, NaN, NaN, NaN, NaN, NaN, NaN, NaN, NaN, NaN, NaN, NaN, NaN, NaN, NaN, NaN)","(0.04748598, NaN, NaN, NaN, NaN, NaN, NaN, NaN, NaN, NaN, NaN, NaN, NaN, NaN, NaN, NaN)","(1.7188962, 0.0, 0.0, 0.0, 0.0, 0.0, 0.0, 0.0, 0.0, 0.0, 0.0, 0.0, 0.0, 0.0, 0.0, 0.0)","(0.6496119, NaN, NaN, NaN, NaN, NaN, NaN, NaN, NaN, NaN, NaN, NaN, NaN, NaN, NaN, NaN)",,,,,RRc,,,207.05994080511093,0.101126574,36.05159876347476,0.1187485,-0.0323407183503863,0.18885317,0.99949545,-0.6778160795362289,0.10320524,-0.7345450666718327,0.15326154,18.841793,18.971231,18.588545,547.3047212341861,3.3566546,352.3095848112556,11.030601,290.8976907562678,9.303215,0.0066586670237413015,0.033992613377566545,0.03472183123640823,18.105330508,-0.3982539080168981,18.17814152064066,,,,
375316653866487565,1483168480663545984,,,0.4173260432039883,3.5208088e-06,1688.452662741181,4.9791756e-06,1688.485121832592,1.3551128e-05,1688.451808485711,2.4304547e-05,,,18.602753,0.008286073,18.791174,0.018120265,18.286524,0.018315418,,,0.42169082,0.026127476,0.44517145,0.045884166,0.22312318,0.06537139,,,,,0.2074519,0.04085485,,,5.0840993,0.19290099,,,82,78,75,,18.611317,18.801868,18.288515,2,1,1,,1689.5072456523574,1689.5075599510774,1689.5076490982042,,2.39620799201166,2.0215824e-05,,,"(0.1975044, 0.04097266, NaN, NaN, NaN, NaN, NaN, NaN, NaN, NaN, NaN, NaN, NaN, NaN, NaN, NaN)","(0.008337024, 0.008321342, NaN, NaN, NaN, NaN, NaN, NaN, NaN, NaN, NaN, NaN, NaN, NaN, NaN, NaN)","(6.0607996, 4.639328, 0.0, 0.0, 0.0, 0.0, 0.0, 0.0, 0.0, 0.0, 0.0, 0.0, 0.0, 0.0, 0.0, 0.0)","(0.0953159, 0.30088693, NaN, NaN, NaN, NaN, NaN, NaN, NaN, NaN, NaN, NaN, NaN, NaN, NaN, NaN)","(0.22258617, NaN, NaN, NaN, NaN, NaN, NaN, NaN, NaN, NaN, NaN, NaN, NaN, NaN, NaN, NaN)","(0.024403239, NaN, NaN, NaN, NaN, NaN, NaN, NaN, NaN, NaN, NaN, NaN, NaN, NaN, NaN, NaN)","(5.9710283, 0.0, 0.0, 0.0, 0.0, 0.0, 0.0, 0.0, 0.0, 0.0, 0.0, 0.0, 0.0, 0.0, 0.0, 0.0)","(0.28842086, NaN, NaN, NaN, NaN, NaN, NaN, NaN, NaN, NaN, NaN, NaN, NaN, NaN, NaN, NaN)","(0.11156175, NaN, NaN, NaN, NaN, NaN, NaN, NaN, NaN, NaN, NaN, NaN, NaN, NaN, NaN, NaN)","(0.025632784, NaN, NaN, NaN, NaN, NaN, NaN, NaN, NaN, NaN, NaN, NaN, NaN, NaN, NaN, NaN)","(0.1867655, 0.0, 0.0, 0.0, 0.0, 0.0, 0.0, 0.0, 0.0, 0.0, 0.0, 0.0, 0.0, 0.0, 0.0, 0.0)","(0.36891463, NaN, NaN, NaN, NaN, NaN, NaN, NaN, NaN, NaN, NaN, NaN, NaN, NaN, NaN, NaN)",,,,,RRc,,,208.38246643449824,0.08278254,35.55687972262416,0.103201725,-0.0603960801804573,0.16395225,1.2333227,-0.429150189606768,0.07798137,-1.1562504485834573,0.12450596,18.625795,18.82828,18.330814,667.7723697086128,3.7238045,401.8877202868827,10.113661,368.8355267437999,7.428481,0.006054360331521598,0.027322063336152135,0.021866390943685237,17.646623348000002,-0.2525245123243255,17.815275325366155,,,,
375316653866487565,1450796178282259072,0.5913247576123476,3.8129133e-06,,,1707.6041861387014,5.3922736e-06,1707.6590423530156,2.2266368e-05,1707.6839168327065,5.5236553e-05,,,18.761345,0.014056004,18.844358,0.031578235,18.418228,0.026850324,,,1.2063938,0.06827901,1.3390542,0.14369558,0.57738954,0.12702137,,,-2.1846151,0.6836904,0.48580253,0.029414747,0.3931886,0.029649641,3.943476,0.11652485,1.7521715,0.22714542,52,52,51,,18.819412,18.918013,18.436262,4,2,1,,1709.010947737061,1709.0112620502491,1709.0113511268123,,1.6911180990253176,1.0904476e-05,,,"(0.4074574, 0.19794384, 0.1602076, 0.078157686, NaN, NaN, NaN, NaN, NaN, NaN, NaN, NaN, NaN, NaN, NaN, NaN)","(0.01543879, 0.017297676, 0.012786653, 0.017009832, NaN, NaN, NaN, NaN, NaN, NaN, NaN, NaN, NaN, NaN, NaN, NaN)","(4.9978304, 1.3727659, 4.1792917, 0.86372733, 0.0, 0.0, 0.0, 0.0, 0.0, 0.0, 0.0, 0.0, 0.0, 0.0, 0.0, 0.0)","(0.04721042, 0.12506038, 0.24438907, 0.3981512, NaN, NaN, NaN, NaN, NaN, NaN, NaN, NaN, NaN, NaN, NaN, NaN)","(0.50323933, 0.26981956, NaN, NaN, NaN, NaN, NaN, NaN, NaN, NaN, NaN, NaN, NaN, NaN, NaN, NaN)","(0.04368537, 0.05941871, NaN, NaN, NaN, NaN, NaN, NaN, NaN, NaN, NaN, NaN, NaN, NaN, NaN, NaN)","(4.424667, 0.94854194, 0.0, 0.0, 0.0, 0.0, 0.0, 0.0, 0.0, 0.0, 0.0, 0.0, 0.0, 0.0, 0.0, 0.0)","(0.16218813, 0.21607731, NaN, NaN, NaN, NaN, NaN, NaN, NaN, NaN, NaN, NaN, NaN, NaN, NaN, NaN)","(0.28869516, NaN, NaN, NaN, NaN, NaN, NaN, NaN, NaN, NaN, NaN, NaN, NaN, NaN, NaN, NaN)","(0.034536384, NaN, NaN, NaN, NaN, NaN, NaN, NaN, NaN, NaN, NaN, NaN, NaN, NaN, NaN, NaN)","(4.682617, 0.0, 0.0, 0.0, 0.0, 0.0, 0.0, 0.0, 0.0, 0.0, 0.0, 0.0, 0.0, 0.0, 0.0, 0.0)","(0.42425746, NaN, NaN, NaN, NaN, NaN, NaN, NaN, NaN, NaN, NaN, NaN, NaN, NaN, NaN, NaN)",,,,,RRab,0.008027508,0.11637517,209.2222006411401,0.12594214,26.465477012219047,0.12112335,-0.2372048339245239,0.21225862,1.2449064,-0.9059913510752392,0.23116167,-0.853798347995087,0.17320795,18.811049,18.957794,18.476112,563.0240907297418,8.376157,356.6969292028882,19.10922,322.63636700289504,11.507835,0.016152050693094097,0.058163887758616604,0.03872488577640069,17.835552196000002,-0.22817393755875007,17.754642394199873,,,,
375316653866487565,1462781512156370944,0.6057379806635548,3.214199e-06,,,1681.8055954095637,4.545564e-06,1681.846645488689,3.892243e-05,1681.8296261356827,3.9587267e-05,,,18.91859,0.003794414,19.138721,0.029718101,18.500544,0.040105555,,,0.55910105,0.01098656,0.6758554,0.12297639,0.2829481,0.14155738,,,-1.2380922,0.26368585,0.48137662,0.013925259,0.29443562,0.016029237,4.1308947,0.0438523,2.2196252,0.07081737,59,56,53,,18.930437,19.158976,18.503862,5,2,1,,1683.4968158515762,1683.571132954444,1683.5712219407856,,1.650878815464983,8.759981e-06,,,"(0.19760865, 0.09512418, 0.058183026, 0.03766509, 0.011500297, NaN, NaN, NaN, NaN, NaN, NaN, NaN, NaN, NaN, NaN, NaN)","(0.0032686477, 0.0029927555, 0.0032026165, 0.0026426143, 0.003730712, NaN, NaN, NaN, NaN, NaN, NaN, NaN, NaN, NaN, NaN, NaN)","(1.1514598, 0.15062886, 5.6740046, 5.036982, 4.6187778, 0.0, 0.0, 0.0, 0.0, 0.0, 0.0, 0.0, 0.0, 0.0, 0.0, 0.0)","(0.035822034, 0.07212652, 0.09788397, 0.19268143, 0.36873323, NaN, NaN, NaN, NaN, NaN, NaN, NaN, NaN, NaN, NaN, NaN)","(0.27603492, 0.12203865, NaN, NaN, NaN, NaN, NaN, NaN, NaN, NaN, NaN, NaN, NaN, NaN, NaN, NaN)","(0.04297471, 0.059254598, NaN, NaN, NaN, NaN, NaN, NaN, NaN, NaN, NaN, NaN, NaN, NaN, NaN, NaN)","(1.8730388, 1.5676506, 0.0, 0.0, 0.0, 0.0, 0.0, 0.0, 0.0, 0.0, 0.0, 0.0, 0.0, 0.0, 0.0, 0.0)","(0.23229343, 1.0882463, NaN, NaN, NaN, NaN, NaN, NaN, NaN, NaN, NaN, NaN, NaN, NaN, NaN, NaN)","(0.14147441, NaN, NaN, NaN, NaN, NaN, NaN, NaN, NaN, NaN, NaN, NaN, NaN, NaN, NaN, NaN)","(0.04340754, NaN, NaN, NaN, NaN, NaN, NaN, NaN, NaN, NaN, NaN, NaN, NaN, NaN, NaN, NaN)","(2.358407, 0.0, 0.0, 0.0, 0.0, 0.0, 0.0, 0.0, 0.0, 0.0, 0.0, 0.0, 0.0, 0.0, 0.0, 0.0)","(0.42799312, NaN, NaN, NaN, NaN, NaN, NaN, NaN, NaN, NaN, NaN, NaN, NaN, NaN, NaN, NaN)",,,,,RRab,0.1438808,0.14688686,198.64629887938585,0.16996434,30.028755274196072,0.13695027,-0.0005360816735127116,0.28569657,0.737011,-0.7061130363943597,0.18248597,-0.2111625653869634,0.17332858,18.957964,19.25937,18.586212,491.7687403114374,3.4930682,270.18944590023284,10.692524,291.52324878250244,9.043596,0.0077118040124678445,0.042965680129069754,0.033680443045986413,17.624780323999996,-0.21771519457928343,17.728600124181003,,,,
375316653866487565,1482006163731184256,,,0.3856250585062999,1.3751991e-06,1691.9040768084844,1.944825e-06,1691.932922365202,1.2221777e-05,1691.9295317406957,1.4273106e-05,,,18.69332,0.0023902147,18.845531,0.020500496,18.372612,0.016186722,,,0.43259868,0.009201422,0.5331384,0.055288024,0.33842587,0.047004588,,,-2.272994,0.25498733,0.16663837,0.015020817,0.082097106,0.014691891,4.496358,0.099254996,3.1137085,0.24581297,72,69,67,,18.702934,18.860418,18.377916,3,1,1,,1692.7590075631929,1692.7593218596096,1692.759410967462,,2.593192475285324,9.2477285e-06,,,"(0.21390516, 0.035644807, 0.017560994, NaN, NaN, NaN, NaN, NaN, NaN, NaN, NaN, NaN, NaN, NaN, NaN, NaN)","(0.0040719537, 0.003251208, 0.0031494172, NaN, NaN, NaN, NaN, NaN, NaN, NaN, NaN, NaN, NaN, NaN, NaN, NaN)","(4.093594, 0.117175005, 2.8281198, 0.0, 0.0, 0.0, 0.0, 0.0, 0.0, 0.0, 0.0, 0.0, 0.0, 0.0, 0.0, 0.0)","(0.016220845, 0.09381488, 0.25571775, NaN, NaN, NaN, NaN, NaN, NaN, NaN, NaN, NaN, NaN, NaN, NaN, NaN)","(0.26656932, NaN, NaN, NaN, NaN, NaN, NaN, NaN, NaN, NaN, NaN, NaN, NaN, NaN, NaN, NaN)","(0.028691009, NaN, NaN, NaN, NaN, NaN, NaN, NaN, NaN, NaN, NaN, NaN, NaN, NaN, NaN, NaN)","(4.039087, 0.0, 0.0, 0.0, 0.0, 0.0, 0.0, 0.0, 0.0, 0.0, 0.0, 0.0, 0.0, 0.0, 0.0, 0.0)","(0.12969294, NaN, NaN, NaN, NaN, NaN, NaN, NaN, NaN, NaN, NaN, NaN, NaN, NaN, NaN, NaN)","(0.16921319, NaN, NaN, NaN, NaN, NaN, NaN, NaN, NaN, NaN, NaN, NaN, NaN, NaN, NaN, NaN)","(0.022150354, NaN, NaN, NaN, NaN, NaN, NaN, NaN, NaN, NaN, NaN, NaN, NaN, NaN, NaN, NaN)","(4.098372, 0.0, 0.0, 0.0, 0.0, 0.0, 0.0, 0.0, 0.0, 0.0, 0.0, 0.0, 0.0, 0.0, 0.0, 0.0)","(0.26695016, NaN, NaN, NaN, NaN, NaN, NaN, NaN, NaN, NaN, NaN, NaN, NaN, NaN, NaN, NaN)",,,,,RRc,,,210.5202721453268,0.10999357,34.02749789144771,0.112425566,-0.0019800683023701,0.17527005,1.3393593,-1.1818761874846735,0.1236917,-0.630120536980071,0.14696859,18.706606,18.87264,18.389626,619.8748812378453,3.6939704,385.7984934946009,10.696655,349.38811207992177,7.2718644,0.006469924471324333,0.030102134998778902,0.02259682830099847,17.764967092,-0.28683475273234593,17.900707823982128,,,,
375316653866487565,1483440442289558016,0.7167572085449003,5.4420643e-06,,,1689.9755018129074,7.6962415e-06,1690.0166480393634,2.9735489e-05,1690.0087815161517,0.00020844056,,,19.08153,0.0025163763,19.27676,0.02173845,18.655848,0.023818985,,,0.57450634,0.012262174,0.7051451,0.07686875,0.260297,0.08648599,,,-1.0926532,0.30338696,0.4668925,0.01582424,0.2716905,0.018393615,4.362006,0.044597905,2.5649796,0.08883559,93,88,85,,19.093578,19.296589,18.658438,4,2,1,,1691.5100789964022,1691.51039321552,1691.5104826831011,,1.3951725745878651,1.0593014e-05,,,"(0.20998037, 0.098038256, 0.05704967, 0.023912389, NaN, NaN, NaN, NaN, NaN, NaN, NaN, NaN, NaN, NaN, NaN, NaN)","(0.003070754, 0.0032850374, 0.003337721, 0.0038925735, NaN, NaN, NaN, NaN, NaN, NaN, NaN, NaN, NaN, NaN, NaN, NaN)","(3.3296602, 4.738141, 6.2707744, 1.7157997, 0.0, 0.0, 0.0, 0.0, 0.0, 0.0, 0.0, 0.0, 0.0, 0.0, 0.0, 0.0)","(0.044122845, 0.10144416, 0.17723171, 0.2664069, NaN, NaN, NaN, NaN, NaN, NaN, NaN, NaN, NaN, NaN, NaN, NaN)","(0.25852197, 0.15593797, NaN, NaN, NaN, NaN, NaN, NaN, NaN, NaN, NaN, NaN, NaN, NaN, NaN, NaN)","(0.035925306, 0.041434146, NaN, NaN, NaN, NaN, NaN, NaN, NaN, NaN, NaN, NaN, NaN, NaN, NaN, NaN)","(3.3196425, 4.479112, 0.0, 0.0, 0.0, 0.0, 0.0, 0.0, 0.0, 0.0, 0.0, 0.0, 0.0, 0.0, 0.0, 0.0)","(0.22751121, 0.4198618, NaN, NaN, NaN, NaN, NaN, NaN, NaN, NaN, NaN, NaN, NaN, NaN, NaN, NaN)","(0.130149, NaN, NaN, NaN, NaN, NaN, NaN, NaN, NaN, NaN, NaN, NaN, NaN, NaN, NaN, NaN)","(0.03316194, NaN, NaN, NaN, NaN, NaN, NaN, NaN, NaN, NaN, NaN, NaN, NaN, NaN, NaN, NaN)","(3.735709, 0.0, 0.0, 0.0, 0.0, 0.0, 0.0, 0.0, 0.0, 0.0, 0.0, 0.0, 0.0, 0.0, 0.0, 0.0)","(0.7987817, NaN, NaN, NaN, NaN, NaN, NaN, NaN, NaN, NaN, NaN, NaN, NaN, NaN, NaN, NaN)",,,,,RRab,0.11559682,0.09508537,211.1736374001084,0.10485727,36.62084294449587,0.14313488,-0.1059688793542854,0.19545549,1.242011,-0.736900384108013,0.12500028,-0.9997844884038172,0.19133854,19.111145,19.359348,18.743618,427.0598821774885,2.398815,246.42093719065687,7.5371256,252.1802110315331,6.5748568,0.00609842683471167,0.03320763794347855,0.028306432128678848,17.898096940000002,-0.14462793058862114,17.546612836844254,,,,
375316653866487565,1450735121027824000,0.8000134910474764,8.483368e-06,,,1706.9544482597184,1.1997295e-05,1707.24870716104,0.00037981878,1707.1026343961723,0.00018909825,,,18.703508,0.0023859688,18.879017,0.026196185,18.26803,0.027562013,,,0.28427452,0.008916385,0.13438608,0.113479845,0.31388643,0.099544704,,,0.20058578,0.40528455,0.3169407,0.025618525,0.13182919,0.029516842,4.431722,0.090588,3.3254657,0.19690183,53,56,53,,18.70629,18.87891,18.270926,3,1,2,,1709.2608871544082,1709.5113389669964,1709.261276714853,,1.2499789205937972,1.3254816e-05,,,"(0.124292776, 0.039393436, 0.016385416, NaN, NaN, NaN, NaN, NaN, NaN, NaN, NaN, NaN, NaN, NaN, NaN, NaN)","(0.0031216524, 0.0031193527, 0.003317645, NaN, NaN, NaN, NaN, NaN, NaN, NaN, NaN, NaN, NaN, NaN, NaN, NaN)","(1.8643479, 1.8772327, 2.6353245, 0.0, 0.0, 0.0, 0.0, 0.0, 0.0, 0.0, 0.0, 0.0, 0.0, 0.0, 0.0, 0.0)","(0.055300646, 0.100430466, 0.26087433, NaN, NaN, NaN, NaN, NaN, NaN, NaN, NaN, NaN, NaN, NaN, NaN, NaN)","(0.067193165, NaN, NaN, NaN, NaN, NaN, NaN, NaN, NaN, NaN, NaN, NaN, NaN, NaN, NaN, NaN)","(0.05486271, NaN, NaN, NaN, NaN, NaN, NaN, NaN, NaN, NaN, NaN, NaN, NaN, NaN, NaN, NaN)","(2.0376773, 0.0, 0.0, 0.0, 0.0, 0.0, 0.0, 0.0, 0.0, 0.0, 0.0, 0.0, 0.0, 0.0, 0.0, 0.0)","(1.4316615, NaN, NaN, NaN, NaN, NaN, NaN, NaN, NaN, NaN, NaN, NaN, NaN, NaN, NaN, NaN)","(0.067861624, 0.106996186, NaN, NaN, NaN, NaN, NaN, NaN, NaN, NaN, NaN, NaN, NaN, NaN, NaN, NaN)","(0.04130061, 0.036831193, NaN, NaN, NaN, NaN, NaN, NaN, NaN, NaN, NaN, NaN, NaN, NaN, NaN, NaN)","(0.4384446, 5.8684835, 0.0, 0.0, 0.0, 0.0, 0.0, 0.0, 0.0, 0.0, 0.0, 0.0, 0.0, 0.0, 0.0, 0.0)","(0.8845178, 0.7100017, NaN, NaN, NaN, NaN, NaN, NaN, NaN, NaN, NaN, NaN, NaN, NaN, NaN, NaN)",,,,,RRab,0.065082274,0.11109363,209.80780105733072,0.10974012,26.340409629621227,0.103956744,-0.0751280925764789,0.17843989,1.5040934,-1.2875285933614269,0.1920462,-0.7775391301022607,0.13917159,18.701433,18.922787,18.282951,622.8359616352668,2.4516466,368.3855060217561,8.243212,385.4585151311507,10.39828,0.004273601522030811,0.02429426544233109,0.02928826878337043,17.473743208000002,-0.09690268921046716,17.42777698581265,,,,
375316653866487565,1451041850411971840,0.763931309653279,6.4120673e-06,,,1707.7889391447022,9.068032e-06,1707.836583723908,0.00021248117,1707.7531694827785,7.958412e-05,,,18.713663,0.0018970796,18.927763,0.033056993,18.325752,0.014468705,,,0.25813898,0.007651048,0.3090724,0.12181701,0.29324216,0.06755231,,,,,0.28293976,0.028508967,,,4.3531365,0.102271214,,,50,46,47,,18.715904,18.932251,18.32971,2,1,1,,1709.5116042479704,1709.585950790707,1709.5120347349743,,1.3090182158574757,1.0987262e-05,,,"(0.1155419, 0.032691397, NaN, NaN, NaN, NaN, NaN, NaN, NaN, NaN, NaN, NaN, NaN, NaN, NaN, NaN)","(0.0031606215, 0.0029679919, NaN, NaN, NaN, NaN, NaN, NaN, NaN, NaN, NaN, NaN, NaN, NaN, NaN, NaN)","(4.42721, 0.6411853, 0.0, 0.0, 0.0, 0.0, 0.0, 0.0, 0.0, 0.0, 0.0, 0.0, 0.0, 0.0, 0.0, 0.0)","(0.048353683, 0.087316416, NaN, NaN, NaN, NaN, NaN, NaN, NaN, NaN, NaN, NaN, NaN, NaN, NaN, NaN)","(0.15453696, NaN, NaN, NaN, NaN, NaN, NaN, NaN, NaN, NaN, NaN, NaN, NaN, NaN, NaN, NaN)","(0.051020876, NaN, NaN, NaN, NaN, NaN, NaN, NaN, NaN, NaN, NaN, NaN, NaN, NaN, NaN, NaN)","(4.9668374, 0.0, 0.0, 0.0, 0.0, 0.0, 0.0, 0.0, 0.0, 0.0, 0.0, 0.0, 0.0, 0.0, 0.0, 0.0)","(0.65312684, NaN, NaN, NaN, NaN, NaN, NaN, NaN, NaN, NaN, NaN, NaN, NaN, NaN, NaN, NaN)","(0.14662169, NaN, NaN, NaN, NaN, NaN, NaN, NaN, NaN, NaN, NaN, NaN, NaN, NaN, NaN, NaN)","(0.030678703, NaN, NaN, NaN, NaN, NaN, NaN, NaN, NaN, NaN, NaN, NaN, NaN, NaN, NaN, NaN)","(5.0420046, 0.0, 0.0, 0.0, 0.0, 0.0, 0.0, 0.0, 0.0, 0.0, 0.0, 0.0, 0.0, 0.0, 0.0, 0.0)","(0.39583394, NaN, NaN, NaN, NaN, NaN, NaN, NaN, NaN, NaN, NaN, NaN, NaN, NaN, NaN, NaN)",,,,,RRab,,,209.3120814131433,0.11985124,27.1200349113124,0.112314366,0.0175053397410476,0.19033611,1.7528372,-1.5391899647906326,0.20218132,-0.8386491617058436,0.14613059,18.714588,18.947048,18.326187,615.3345033338144,2.4209325,360.2444437891466,11.186476,370.4103504718741,8.404948,0.004271508262594711,0.03371365527655061,0.024635521204996392,17.520368158000004,-0.11694569008883125,17.477684057999777,,,,
375316653866487565,1450165337781635584,0.5040287508646324,1.6815716e-06,,,1706.3853538898952,2.3781013e-06,1706.3947385951033,1.2637856e-05,1706.9172671929457,3.5260196e-05,,,18.94664,0.008919734,19.078663,0.028104879,18.595419,0.03517958,,,1.1899964,0.045575574,1.4189657,0.1385357,0.7216061,0.11123742,,,-1.7689407,0.43529803,0.45813277,0.030675638,0.3474604,0.032962415,3.8420515,0.07585429,1.5730525,0.1384048,61,65,60,,19.002901,19.161285,18.620174,6,3,2,,1707.833428491129,1707.833742955316,1708.0099794403288,,1.984013805332647,6.6191883e-06,,,"(0.3994882, 0.18301864, 0.13880633, 0.09520762, 0.068644956, 0.042429075, NaN, NaN, NaN, NaN, NaN, NaN, NaN, NaN, NaN, NaN)","(0.009721812, 0.014536671, 0.0130752195, 0.013290261, 0.013616314, 0.008714877, NaN, NaN, NaN, NaN, NaN, NaN, NaN, NaN, NaN, NaN)","(1.7177246, 0.9943153, 0.44304097, 0.13331813, 6.1081996, 6.2347484, 0.0, 0.0, 0.0, 0.0, 0.0, 0.0, 0.0, 0.0, 0.0, 0.0)","(0.03634787, 0.058313426, 0.09735322, 0.17703159, 0.21728927, 0.26808357, NaN, NaN, NaN, NaN, NaN, NaN, NaN, NaN, NaN, NaN)","(0.48225245, 0.28304493, 0.1533411, NaN, NaN, NaN, NaN, NaN, NaN, NaN, NaN, NaN, NaN, NaN, NaN, NaN)","(0.02925314, 0.046148393, 0.028897462, NaN, NaN, NaN, NaN, NaN, NaN, NaN, NaN, NaN, NaN, NaN, NaN, NaN)","(1.7616342, 1.3371788, 0.85684544, 0.0, 0.0, 0.0, 0.0, 0.0, 0.0, 0.0, 0.0, 0.0, 0.0, 0.0, 0.0, 0.0)","(0.1955026, 0.31493297, 0.4993123, NaN, NaN, NaN, NaN, NaN, NaN, NaN, NaN, NaN, NaN, NaN, NaN, NaN)","(0.29770753, 0.14155266, NaN, NaN, NaN, NaN, NaN, NaN, NaN, NaN, NaN, NaN, NaN, NaN, NaN, NaN)","(0.037763204, 0.10813427, NaN, NaN, NaN, NaN, NaN, NaN, NaN, NaN, NaN, NaN, NaN, NaN, NaN, NaN)","(3.9989436, 5.458336, 0.0, 0.0, 0.0, 0.0, 0.0, 0.0, 0.0, 0.0, 0.0, 0.0, 0.0, 0.0, 0.0, 0.0)","(0.41335687, 0.7441732, NaN, NaN, NaN, NaN, NaN, NaN, NaN, NaN, NaN, NaN, NaN, NaN, NaN, NaN)",,,,,RRab,0.08619424,0.12655196,208.0444040767561,0.13404068,24.830364640387923,0.13522682,0.1566779365978887,0.20510536,1.2239062,-0.6723512001002456,0.20765582,-1.0226877208312442,0.18346608,18.981192,19.153467,18.693914,481.35987525901953,6.8168297,297.87200006478747,16.478994,263.9928753380299,10.565496,0.015375257443939442,0.06006352991187032,0.04345177494851709,18.063379133999998,-0.29754468977326565,17.927375567214018,,,,
375316653866487565,1452544990182058752,0.5102740806869042,6.5080603e-06,,,1709.4814484128974,9.203787e-06,1709.5001557707817,2.6270758e-05,1709.470574849518,2.5802938e-05,,,18.991234,0.019700494,19.085714,0.040460505,18.680876,0.036533643,,,0.99262255,0.05819643,1.0870984,0.112572245,0.7785337,0.13205695,,,-2.073053,0.71901834,0.44843113,0.054684494,0.33791336,0.06182125,3.804206,0.181103,1.4720138,0.28588957,46,48,47,,19.036905,19.146679,18.710241,3,2,2,,1710.8367363712018,1710.763047591333,1710.763136784362,,1.9597311285218573,2.4994506e-05,,,"(0.37808964, 0.16954717, 0.12776154, NaN, NaN, NaN, NaN, NaN, NaN, NaN, NaN, NaN, NaN, NaN, NaN, NaN)","(0.014085648, 0.021031559, 0.022534577, NaN, NaN, NaN, NaN, NaN, NaN, NaN, NaN, NaN, NaN, NaN, NaN, NaN)","(0.6218017, 5.047809, 3.3374188, 0.0, 0.0, 0.0, 0.0, 0.0, 0.0, 0.0, 0.0, 0.0, 0.0, 0.0, 0.0, 0.0)","(0.12176904, 0.2625656, 0.48087892, NaN, NaN, NaN, NaN, NaN, NaN, NaN, NaN, NaN, NaN, NaN, NaN, NaN)","(0.45238954, 0.21804164, NaN, NaN, NaN, NaN, NaN, NaN, NaN, NaN, NaN, NaN, NaN, NaN, NaN, NaN)","(0.060378294, 0.058151912, NaN, NaN, NaN, NaN, NaN, NaN, NaN, NaN, NaN, NaN, NaN, NaN, NaN, NaN)","(5.962999, 2.9936209, 0.0, 0.0, 0.0, 0.0, 0.0, 0.0, 0.0, 0.0, 0.0, 0.0, 0.0, 0.0, 0.0, 0.0)","(0.32875696, 0.4793985, NaN, NaN, NaN, NaN, NaN, NaN, NaN, NaN, NaN, NaN, NaN, NaN, NaN, NaN)","(0.2937986, 0.19483794, NaN, NaN, NaN, NaN, NaN, NaN, NaN, NaN, NaN, NaN, NaN, NaN, NaN, NaN)","(0.038414292, 0.053918507, NaN, NaN, NaN, NaN, NaN, NaN, NaN, NaN, NaN, NaN, NaN, NaN, NaN, NaN)","(0.088538446, 3.6401656, 0.0, 0.0, 0.0, 0.0, 0.0, 0.0, 0.0, 0.0, 0.0, 0.0, 0.0, 0.0, 0.0, 0.0)","(0.36413413, 0.53107005, NaN, NaN, NaN, NaN, NaN, NaN, NaN, NaN, NaN, NaN, NaN, NaN, NaN, NaN)",,,,,RRab,-0.0827443,0.1364853,210.93747640618105,0.16985759,28.4505905578372,0.14136335,-0.0501299456940649,0.24466754,0.9571106,-0.3404761019355184,0.2738821,-0.8945035821064299,0.19148807,19.050257,19.174988,18.701769,451.6939574072601,7.799683,292.02628180399165,19.62823,262.089996047982,12.533961,0.01874746317552552,0.07297414869427246,0.0519215600095194,18.081707081999998,-0.2921964910456573,17.914058552382272,,,,
375316653866487565,1481768768001796608,,,0.3977894555493649,1.7026464e-06,1692.1886008185124,2.4079056e-06,1692.6316167134053,3.6937443e-05,1692.3938852432957,0.0001586309,,,19.314264,0.0029686994,19.473804,0.034917805,18.936121,0.03060743,,,0.4315774,0.010487136,0.5375193,0.12778407,0.11402258,0.08834288,,,-2.3622735,0.25264964,0.17707954,0.020285,0.06784112,0.015028902,4.7198896,0.1119466,3.182265,0.24525025,69,65,58,,19.324118,19.48917,18.935745,3,1,1,,1693.259052243396,1693.5095180872793,1693.509606332184,,2.5138926787764038,1.076014e-05,,,"(0.2106469, 0.037301257, 0.014290522, NaN, NaN, NaN, NaN, NaN, NaN, NaN, NaN, NaN, NaN, NaN, NaN, NaN)","(0.0040558735, 0.004637922, 0.003666445, NaN, NaN, NaN, NaN, NaN, NaN, NaN, NaN, NaN, NaN, NaN, NaN, NaN)","(0.7619372, 6.2437644, 5.4680767, 0.0, 0.0, 0.0, 0.0, 0.0, 0.0, 0.0, 0.0, 0.0, 0.0, 0.0, 0.0, 0.0)","(0.036476754, 0.13673888, 0.23187916, NaN, NaN, NaN, NaN, NaN, NaN, NaN, NaN, NaN, NaN, NaN, NaN, NaN)","(0.26876053, NaN, NaN, NaN, NaN, NaN, NaN, NaN, NaN, NaN, NaN, NaN, NaN, NaN, NaN, NaN)","(0.044896673, NaN, NaN, NaN, NaN, NaN, NaN, NaN, NaN, NaN, NaN, NaN, NaN, NaN, NaN, NaN)","(4.4447956, 0.0, 0.0, 0.0, 0.0, 0.0, 0.0, 0.0, 0.0, 0.0, 0.0, 0.0, 0.0, 0.0, 0.0, 0.0)","(0.5228933, NaN, NaN, NaN, NaN, NaN, NaN, NaN, NaN, NaN, NaN, NaN, NaN, NaN, NaN, NaN)","(0.05701131, NaN, NaN, NaN, NaN, NaN, NaN, NaN, NaN, NaN, NaN, NaN, NaN, NaN, NaN, NaN)","(0.032220434, NaN, NaN, NaN, NaN, NaN, NaN, NaN, NaN, NaN, NaN, NaN, NaN, NaN, NaN, NaN)","(1.9171826, 0.0, 0.0, 0.0, 0.0, 0.0, 0.0, 0.0, 0.0, 0.0, 0.0, 0.0, 0.0, 0.0, 0.0, 0.0)","(0.5988624, NaN, NaN, NaN, NaN, NaN, NaN, NaN, NaN, NaN, NaN, NaN, NaN, NaN, NaN, NaN)",,,,,RRc,,,210.69646600365687,0.16175556,33.51545579951076,0.15961367,-0.1200891328130988,0.24905393,0.92139876,-0.903324277206896,0.18948641,-0.1816066338263727,0.21588065,19.323267,19.56399,18.964977,351.2693114812983,2.061586,204.08960344518016,6.95859,205.6682329950796,6.429989,0.006371931298983306,0.03701776590020818,0.03394320530515286,18.162961014000004,-0.27334673317090813,17.867122655274148,,,,
375316653866487565,1450391626723098496,,,0.3443368383913413,4.3140403e-06,1707.4694289892366,6.1009746e-06,1707.4632084868974,1.4354856e-05,1707.538420217227,3.0470059e-05,,,18.933432,0.009854226,19.05457,0.03332164,18.616112,0.027659232,,,0.5965345,0.020391189,0.8519001,0.105666116,0.31964642,0.10114748,,,,,0.24086635,0.031168368,,,4.4523177,0.26678354,,,50,52,47,,18.950663,19.086863,18.620632,2,2,1,,1708.2603707070216,1708.2606850085233,1708.260774131083,,2.9041330711862225,3.638457e-05,,,"(0.27325574, 0.065818116, NaN, NaN, NaN, NaN, NaN, NaN, NaN, NaN, NaN, NaN, NaN, NaN, NaN, NaN)","(0.011540769, 0.007987676, NaN, NaN, NaN, NaN, NaN, NaN, NaN, NaN, NaN, NaN, NaN, NaN, NaN, NaN)","(4.699228, 1.2844031, 0.0, 0.0, 0.0, 0.0, 0.0, 0.0, 0.0, 0.0, 0.0, 0.0, 0.0, 0.0, 0.0, 0.0)","(0.13290972, 0.38555482, NaN, NaN, NaN, NaN, NaN, NaN, NaN, NaN, NaN, NaN, NaN, NaN, NaN, NaN)","(0.3545686, 0.13651489, NaN, NaN, NaN, NaN, NaN, NaN, NaN, NaN, NaN, NaN, NaN, NaN, NaN, NaN)","(0.03856026, 0.050883718, NaN, NaN, NaN, NaN, NaN, NaN, NaN, NaN, NaN, NaN, NaN, NaN, NaN, NaN)","(4.69715, 1.4062339, 0.0, 0.0, 0.0, 0.0, 0.0, 0.0, 0.0, 0.0, 0.0, 0.0, 0.0, 0.0, 0.0, 0.0)","(0.33763266, 1.1816012, NaN, NaN, NaN, NaN, NaN, NaN, NaN, NaN, NaN, NaN, NaN, NaN, NaN, NaN)","(0.15982324, NaN, NaN, NaN, NaN, NaN, NaN, NaN, NaN, NaN, NaN, NaN, NaN, NaN, NaN, NaN)","(0.032127496, NaN, NaN, NaN, NaN, NaN, NaN, NaN, NaN, NaN, NaN, NaN, NaN, NaN, NaN, NaN)","(3.7579002, 0.0, 0.0, 0.0, 0.0, 0.0, 0.0, 0.0, 0.0, 0.0, 0.0, 0.0, 0.0, 0.0, 0.0, 0.0)","(0.6056529, NaN, NaN, NaN, NaN, NaN, NaN, NaN, NaN, NaN, NaN, NaN, NaN, NaN, NaN, NaN)",,,,,RRc,,,208.38463070670383,0.14587645,25.95000035956861,0.143983,0.035764616896146,0.23475084,1.2435936,-1.0363173933431795,0.25029853,-0.6874382592297351,0.20182054,18.984207,19.131802,18.676678,480.0252396622845,4.2981815,303.8758523091966,13.454012,268.21770116869374,9.073574,0.00972143810153208,0.04806904108174156,0.036728296636932875,18.058683671999997,-0.33601651242674824,18.02317040562119,,,,
375316653866487565,1444976909913197568,0.5439382634320042,2.7937306e-06,,,1690.1296213212984,3.950932e-06,1690.1287696964705,2.3019813e-05,1690.1370486883718,1.6864362e-05,,,18.553406,0.004688468,18.70907,0.03487714,18.182426,0.026514232,,,0.8223275,0.025670134,0.7722064,0.114442036,0.6681864,0.14248545,,,-0.9861283,0.24171649,0.47774193,0.0197405,0.34568915,0.020806178,4.0439005,0.0449717,2.1392596,0.0666407,71,68,68,,18.577602,18.731665,18.199024,5,2,3,,1691.250134143968,1691.25044849076,1691.25053742708,,1.8384439323875703,9.442463e-06,,,"(0.27870956, 0.13315125, 0.09634687, 0.056380134, 0.0339278, NaN, NaN, NaN, NaN, NaN, NaN, NaN, NaN, NaN, NaN, NaN)","(0.004190408, 0.0050301473, 0.0058454056, 0.0053367, 0.005808881, NaN, NaN, NaN, NaN, NaN, NaN, NaN, NaN, NaN, NaN, NaN)","(2.83275, 3.4262154, 4.3543243, 5.194267, 6.263624, 0.0, 0.0, 0.0, 0.0, 0.0, 0.0, 0.0, 0.0, 0.0, 0.0, 0.0)","(0.028993556, 0.04702751, 0.06164704, 0.12221252, 0.24696422, NaN, NaN, NaN, NaN, NaN, NaN, NaN, NaN, NaN, NaN, NaN)","(0.22126113, 0.23184963, NaN, NaN, NaN, NaN, NaN, NaN, NaN, NaN, NaN, NaN, NaN, NaN, NaN, NaN)","(0.063633755, 0.06840593, NaN, NaN, NaN, NaN, NaN, NaN, NaN, NaN, NaN, NaN, NaN, NaN, NaN, NaN)","(3.2408743, 4.0521774, 0.0, 0.0, 0.0, 0.0, 0.0, 0.0, 0.0, 0.0, 0.0, 0.0, 0.0, 0.0, 0.0, 0.0)","(0.23974465, 0.31913522, NaN, NaN, NaN, NaN, NaN, NaN, NaN, NaN, NaN, NaN, NaN, NaN, NaN, NaN)","(0.2318029, 0.09592394, 0.12013998, NaN, NaN, NaN, NaN, NaN, NaN, NaN, NaN, NaN, NaN, NaN, NaN, NaN)","(0.034612663, 0.044964, 0.052267432, NaN, NaN, NaN, NaN, NaN, NaN, NaN, NaN, NaN, NaN, NaN, NaN, NaN)","(2.9495566, 3.6908896, 4.3549066, 0.0, 0.0, 0.0, 0.0, 0.0, 0.0, 0.0, 0.0, 0.0, 0.0, 0.0, 0.0, 0.0)","(0.17388104, 0.32028335, 0.50613296, NaN, NaN, NaN, NaN, NaN, NaN, NaN, NaN, NaN, NaN, NaN, NaN, NaN)",,,,,RRab,0.06504401,0.09662327,203.7555541368743,0.11582692,25.04767845463934,0.08873888,0.0125634575285711,0.15444714,1.30431,-0.7065306829277975,0.19419771,-1.0963752724086526,0.09744446,18.606659,18.803658,18.236647,679.6466763230367,6.129403,411.1061643788809,16.49295,402.2532807093252,12.714281,0.009791400545210669,0.04355662202743628,0.03431642585327954,17.463610858000003,-0.26445038958916695,17.84497075975561,,,,
375316653866487565,1471682642898913280,0.5309786335810083,1.9125691e-06,0.3963881823849323,4.159115e-07,1684.0863734777677,7.3519504e-06,1684.1112474787851,4.4347573e-05,1684.0990613916458,3.6712914e-05,,,19.029613,0.00036587333,19.180727,0.0029874488,18.683786,0.0022003786,,,0.57231677,0.00051742303,0.42124397,0.0042248904,0.14030471,0.0031118053,,,,,0.21492079,0.062415816,,,4.821488,0.27927938,,,114,98,101,,19.046215,19.162447,18.676512,2,1,1,,1685.0028248603032,1685.003139234038,1685.003228061301,,2.5227743053900946,3.3086006e-05,1.8832825574927163,6.7834108e-06,"(0.18331094, 0.03939733, NaN, NaN, NaN, NaN, NaN, NaN, NaN, NaN, NaN, NaN, NaN, NaN, NaN, NaN)","(0.012266689, 0.011724943, NaN, NaN, NaN, NaN, NaN, NaN, NaN, NaN, NaN, NaN, NaN, NaN, NaN, NaN)","(4.739235, 1.7335876, 0.0, 0.0, 0.0, 0.0, 0.0, 0.0, 0.0, 0.0, 0.0, 0.0, 0.0, 0.0, 0.0, 0.0)","(0.120963275, 0.29159918, NaN, NaN, NaN, NaN, NaN, NaN, NaN, NaN, NaN, NaN, NaN, NaN, NaN, NaN)","(0.1805595, NaN, NaN, NaN, NaN, NaN, NaN, NaN, NaN, NaN, NaN, NaN, NaN, NaN, NaN, NaN)","(0.042462803, NaN, NaN, NaN, NaN, NaN, NaN, NaN, NaN, NaN, NaN, NaN, NaN, NaN, NaN, NaN)","(4.7136273, 0.0, 0.0, 0.0, 0.0, 0.0, 0.0, 0.0, 0.0, 0.0, 0.0, 0.0, 0.0, 0.0, 0.0, 0.0)","(0.7268248, NaN, NaN, NaN, NaN, NaN, NaN, NaN, NaN, NaN, NaN, NaN, NaN, NaN, NaN, NaN)","(0.11569861, NaN, NaN, NaN, NaN, NaN, NaN, NaN, NaN, NaN, NaN, NaN, NaN, NaN, NaN, NaN)","(0.030188246, NaN, NaN, NaN, NaN, NaN, NaN, NaN, NaN, NaN, NaN, NaN, NaN, NaN, NaN, NaN)","(4.9080095, 0.0, 0.0, 0.0, 0.0, 0.0, 0.0, 0.0, 0.0, 0.0, 0.0, 0.0, 0.0, 0.0, 0.0, 0.0)","(0.73903036, NaN, NaN, NaN, NaN, NaN, NaN, NaN, NaN, NaN, NaN, NaN, NaN, NaN, NaN, NaN)",,,,,RRd,,,203.7158052285596,0.11296056,35.43702848025961,0.12835549,-0.1987463775735654,0.2319687,1.4082551,-1.4009622353216684,0.10260564,-0.1431332738730586,0.1622804,19.052765,19.269775,18.751904,450.6513018916572,2.1329598,267.6128457284479,7.537692,250.2629463354233,5.440708,0.0051386836011332315,0.030580266736164586,0.023603081327441006,18.034264938000003,-0.2748793017183415,17.870938750957258,,,,
375316653866487565,1444925782622868992,0.712656784744326,4.4388967e-06,,,1689.1275681005466,6.277548e-06,1689.357259103071,8.97659e-05,1689.1764622036028,8.143359e-05,,,19.008345,0.0030921374,19.059122,0.086588256,18.655483,0.031200068,,,0.6016481,0.013132242,0.97754204,0.37423518,0.38497457,0.09278921,,,-1.3043176,0.31314644,0.4461261,0.01858231,0.3198982,0.02451464,4.199372,0.061136577,2.46204,0.09044624,81,68,66,,19.02193,19.099583,18.660418,4,2,2,,1690.99971747407,1691.0000318633995,1691.0001206115414,,1.403199999504336,8.740056e-06,,,"(0.21506664, 0.09594684, 0.06879943, 0.033774626, NaN, NaN, NaN, NaN, NaN, NaN, NaN, NaN, NaN, NaN, NaN, NaN)","(0.0035456498, 0.0039423504, 0.005025198, 0.004771757, NaN, NaN, NaN, NaN, NaN, NaN, NaN, NaN, NaN, NaN, NaN, NaN)","(0.10595902, 4.4112897, 2.779917, 1.0933126, 0.0, 0.0, 0.0, 0.0, 0.0, 0.0, 0.0, 0.0, 0.0, 0.0, 0.0, 0.0)","(0.029726733, 0.068117514, 0.10472224, 0.13160297, NaN, NaN, NaN, NaN, NaN, NaN, NaN, NaN, NaN, NaN, NaN, NaN)","(0.3802934, 0.208056, NaN, NaN, NaN, NaN, NaN, NaN, NaN, NaN, NaN, NaN, NaN, NaN, NaN, NaN)","(0.10614007, 0.109202325, NaN, NaN, NaN, NaN, NaN, NaN, NaN, NaN, NaN, NaN, NaN, NaN, NaN, NaN)","(5.9014473, 6.2268515, 0.0, 0.0, 0.0, 0.0, 0.0, 0.0, 0.0, 0.0, 0.0, 0.0, 0.0, 0.0, 0.0, 0.0)","(0.80181354, 1.6689236, NaN, NaN, NaN, NaN, NaN, NaN, NaN, NaN, NaN, NaN, NaN, NaN, NaN, NaN)","(0.11623436, 0.10843738, NaN, NaN, NaN, NaN, NaN, NaN, NaN, NaN, NaN, NaN, NaN, NaN, NaN, NaN)","(0.036046132, 0.03499954, NaN, NaN, NaN, NaN, NaN, NaN, NaN, NaN, NaN, NaN, NaN, NaN, NaN, NaN)","(0.027013294, 4.0652933, 0.0, 0.0, 0.0, 0.0, 0.0, 0.0, 0.0, 0.0, 0.0, 0.0, 0.0, 0.0, 0.0, 0.0)","(0.38049904, 0.588393, NaN, NaN, NaN, NaN, NaN, NaN, NaN, NaN, NaN, NaN, NaN, NaN, NaN, NaN)",,,,,RRab,,,203.3541097336788,0.18677673,24.845310198668084,0.12330805,-0.019237144734174,0.23664398,1.3367885,-0.5387726620520356,0.27580872,-1.2234082208122217,0.12020913,19.027905,19.275936,18.710047,461.0895743031221,3.2060132,266.0984916820692,13.433629,260.0996926606822,8.153363,0.007549007232489992,0.054810122797410765,0.034033512760232976,17.920706341999995,-0.14711957586855584,17.55281703359129,,,,
375316653866487565,1450750170592551040,,,0.371674489505587,2.8855554e-06,1708.3035384052052,4.0807918e-06,1708.3168536113658,1.6213819e-05,1708.3358786859376,2.7278498e-05,,,18.811087,0.0037014692,18.96417,0.030229108,18.52754,0.028083995,,,0.49189922,0.014263139,0.6345238,0.09026699,0.4277475,0.090777405,,,-2.1065392,0.26157776,0.17758973,0.027969224,0.104674146,0.020818394,4.684288,0.10623404,3.194567,0.26521832,54,55,54,,18.824324,18.98336,18.537367,3,2,1,,1709.2609718901715,1709.261286357334,1709.2613747752414,,2.690526329450889,2.088834e-05,,,"(0.24117152, 0.042829584, 0.025244422, NaN, NaN, NaN, NaN, NaN, NaN, NaN, NaN, NaN, NaN, NaN, NaN, NaN)","(0.0048154714, 0.006778363, 0.00547123, NaN, NaN, NaN, NaN, NaN, NaN, NaN, NaN, NaN, NaN, NaN, NaN, NaN)","(6.246358, 4.6106334, 3.0840855, 0.0, 0.0, 0.0, 0.0, 0.0, 0.0, 0.0, 0.0, 0.0, 0.0, 0.0, 0.0, 0.0)","(0.064190686, 0.13115922, 0.24257176, NaN, NaN, NaN, NaN, NaN, NaN, NaN, NaN, NaN, NaN, NaN, NaN, NaN)","(0.27987218, 0.084722534, NaN, NaN, NaN, NaN, NaN, NaN, NaN, NaN, NaN, NaN, NaN, NaN, NaN, NaN)","(0.039444394, 0.06095811, NaN, NaN, NaN, NaN, NaN, NaN, NaN, NaN, NaN, NaN, NaN, NaN, NaN, NaN)","(6.1984897, 4.2482033, 0.0, 0.0, 0.0, 0.0, 0.0, 0.0, 0.0, 0.0, 0.0, 0.0, 0.0, 0.0, 0.0, 0.0)","(0.30273634, 1.6846812, NaN, NaN, NaN, NaN, NaN, NaN, NaN, NaN, NaN, NaN, NaN, NaN, NaN, NaN)","(0.21387434, NaN, NaN, NaN, NaN, NaN, NaN, NaN, NaN, NaN, NaN, NaN, NaN, NaN, NaN, NaN)","(0.038571116, NaN, NaN, NaN, NaN, NaN, NaN, NaN, NaN, NaN, NaN, NaN, NaN, NaN, NaN, NaN)","(6.2179785, 0.0, 0.0, 0.0, 0.0, 0.0, 0.0, 0.0, 0.0, 0.0, 0.0, 0.0, 0.0, 0.0, 0.0, 0.0)","(0.4780061, NaN, NaN, NaN, NaN, NaN, NaN, NaN, NaN, NaN, NaN, NaN, NaN, NaN, NaN, NaN)",,,,,RRc,,,209.52915815588443,0.117326625,26.385551685590062,0.11730737,-0.0009213658489737564,0.20254977,1.5926908,-1.2597972454393238,0.21066636,-0.9744613789670644,0.158405,18.82548,18.990812,18.578438,555.5910177128158,4.255407,346.0124469953176,11.312523,293.6181268869954,8.72621,0.008315640880803658,0.03549585087979858,0.03226655757751043,18.018504172,-0.3028372464026883,17.94055403322128,,,,
375316653866487565,1450755118394910720,0.6161870839886582,4.314268e-05,,,1707.8309154620763,6.1012965e-05,1707.8102320472829,5.0808598e-05,1707.8664532951332,3.5866815e-05,,,18.751019,0.020622617,18.933004,0.03641601,18.463165,0.026369417,,,0.3620368,0.06567818,0.6364806,0.15860303,0.49732924,0.09418949,,,,,,,,,,,,,48,47,49,,18.757788,18.952055,18.475115,1,2,2,,1709.335028134093,1709.2613392792648,1709.261427941453,,1.6228837409685246,0.00011362711,,,"(0.18101881, NaN, NaN, NaN, NaN, NaN, NaN, NaN, NaN, NaN, NaN, NaN, NaN, NaN, NaN, NaN)","(0.024441304, NaN, NaN, NaN, NaN, NaN, NaN, NaN, NaN, NaN, NaN, NaN, NaN, NaN, NaN, NaN)","(5.910309, 0.0, 0.0, 0.0, 0.0, 0.0, 0.0, 0.0, 0.0, 0.0, 0.0, 0.0, 0.0, 0.0, 0.0, 0.0)","(0.4130294, NaN, NaN, NaN, NaN, NaN, NaN, NaN, NaN, NaN, NaN, NaN, NaN, NaN, NaN, NaN)","(0.26902953, 0.10928773, NaN, NaN, NaN, NaN, NaN, NaN, NaN, NaN, NaN, NaN, NaN, NaN, NaN, NaN)","(0.04490503, 0.06799908, NaN, NaN, NaN, NaN, NaN, NaN, NaN, NaN, NaN, NaN, NaN, NaN, NaN, NaN)","(5.1193337, 1.6383673, 0.0, 0.0, 0.0, 0.0, 0.0, 0.0, 0.0, 0.0, 0.0, 0.0, 0.0, 0.0, 0.0, 0.0)","(0.3310938, 1.7805084, NaN, NaN, NaN, NaN, NaN, NaN, NaN, NaN, NaN, NaN, NaN, NaN, NaN, NaN)","(0.21416241, 0.09201849, NaN, NaN, NaN, NaN, NaN, NaN, NaN, NaN, NaN, NaN, NaN, NaN, NaN, NaN)","(0.03471355, 0.027964382, NaN, NaN, NaN, NaN, NaN, NaN, NaN, NaN, NaN, NaN, NaN, NaN, NaN, NaN)","(4.6452365, 0.36024332, 0.0, 0.0, 0.0, 0.0, 0.0, 0.0, 0.0, 0.0, 0.0, 0.0, 0.0, 0.0, 0.0, 0.0)","(0.29363546, 0.5144688, NaN, NaN, NaN, NaN, NaN, NaN, NaN, NaN, NaN, NaN, NaN, NaN, NaN, NaN)",,,,,RRab,,,209.5290183732547,0.12488779,26.471236881346545,0.1192911,0.1550223045382658,0.20943554,1.6428156,-1.301256544382121,0.20932062,-1.0027834250382028,0.1567333,18.801832,19.022978,18.499727,567.8242819537137,4.073579,335.9119306020328,12.38302,315.6949636530303,9.872389,0.00778882633388425,0.040023123888171426,0.033951928194458914,17.745330578,-0.21028740925056613,17.710104938712497,,,,
375316653866487565,1443914957775067392,0.6052835169760958,4.304382e-05,,,1691.4958689862713,6.0873153e-05,1691.5131791318272,3.2992702e-05,1690.9687433660547,6.414062e-05,,,18.626812,0.02551145,18.747093,0.02957991,18.254326,0.026722476,,,0.4894042,0.06552167,0.6396483,0.083450936,0.514813,0.12121346,,,,,0.36099198,0.098535255,,,4.066999,0.15848508,,,62,56,54,,18.63707,18.769142,18.26493,2,2,2,,1692.7506217169623,1692.7509359592157,1692.7510253231133,,1.6521183411632412,0.00011748789,,,"(0.21145399, 0.076333195, NaN, NaN, NaN, NaN, NaN, NaN, NaN, NaN, NaN, NaN, NaN, NaN, NaN, NaN)","(0.02190113, 0.023613317, NaN, NaN, NaN, NaN, NaN, NaN, NaN, NaN, NaN, NaN, NaN, NaN, NaN, NaN)","(3.3286133, 4.44104, 0.0, 0.0, 0.0, 0.0, 0.0, 0.0, 0.0, 0.0, 0.0, 0.0, 0.0, 0.0, 0.0, 0.0)","(0.4192932, 1.0245724, NaN, NaN, NaN, NaN, NaN, NaN, NaN, NaN, NaN, NaN, NaN, NaN, NaN, NaN)","(0.28919017, 0.12721832, NaN, NaN, NaN, NaN, NaN, NaN, NaN, NaN, NaN, NaN, NaN, NaN, NaN, NaN)","(0.040055275, 0.055969246, NaN, NaN, NaN, NaN, NaN, NaN, NaN, NaN, NaN, NaN, NaN, NaN, NaN, NaN)","(3.4608345, 3.6594775, 0.0, 0.0, 0.0, 0.0, 0.0, 0.0, 0.0, 0.0, 0.0, 0.0, 0.0, 0.0, 0.0, 0.0)","(0.32590035, 0.5007275, NaN, NaN, NaN, NaN, NaN, NaN, NaN, NaN, NaN, NaN, NaN, NaN, NaN, NaN)","(0.2073307, 0.095754735, NaN, NaN, NaN, NaN, NaN, NaN, NaN, NaN, NaN, NaN, NaN, NaN, NaN, NaN)","(0.03985887, 0.064065844, NaN, NaN, NaN, NaN, NaN, NaN, NaN, NaN, NaN, NaN, NaN, NaN, NaN, NaN)","(2.4794438, 2.7930834, 0.0, 0.0, 0.0, 0.0, 0.0, 0.0, 0.0, 0.0, 0.0, 0.0, 0.0, 0.0, 0.0, 0.0)","(0.2557336, 0.94947296, NaN, NaN, NaN, NaN, NaN, NaN, NaN, NaN, NaN, NaN, NaN, NaN, NaN, NaN)",,,,,RRab,-0.02030088,0.13360125,204.73483013106295,0.123504005,23.85888062679872,0.09513197,-0.1176269158078661,0.17098978,1.131932,-0.7866314702359805,0.1946711,-0.8139293448467713,0.114069335,18.622131,18.772606,18.271334,670.0301403647858,5.7367487,423.0330226471424,14.944349,389.604922456178,10.793999,0.00929568341537452,0.03835416821072515,0.030079303517059994,17.663367216,-0.21804115259297477,17.729411759635095,,,,
375316653866487565,1483331036585934976,0.6852619728196448,2.331323e-06,,,1688.0458405788972,3.2969888e-06,1688.0516231963668,1.4102881e-05,1688.067500129136,2.5278148e-05,,,18.539808,0.0023896554,18.696827,0.020188224,18.150162,0.021183733,,,0.82460696,0.017977089,0.85031784,0.066350296,0.5356308,0.07390084,,,-2.3386705,0.27293813,0.46708947,0.012719069,0.33857062,0.011123727,3.972696,0.026337579,1.9893416,0.059729934,99,97,92,,18.56542,18.72472,18.160765,5,3,3,,1689.7583102489734,1689.7586246670237,1689.758713306603,,1.4592959184431376,4.9646565e-06,,,"(0.28004628, 0.13080667, 0.09481545, 0.06003692, 0.042896625, NaN, NaN, NaN, NaN, NaN, NaN, NaN, NaN, NaN, NaN, NaN)","(0.002227523, 0.0032918095, 0.0035059731, 0.0035321822, 0.0036271838, NaN, NaN, NaN, NaN, NaN, NaN, NaN, NaN, NaN, NaN, NaN)","(5.602622, 2.6115696, 6.2308373, 3.599681, 1.2989771, 0.0, 0.0, 0.0, 0.0, 0.0, 0.0, 0.0, 0.0, 0.0, 0.0, 0.0)","(0.022232415, 0.04854931, 0.06606973, 0.10498445, 0.11761449, NaN, NaN, NaN, NaN, NaN, NaN, NaN, NaN, NaN, NaN, NaN)","(0.29004157, 0.14958024, 0.11298529, NaN, NaN, NaN, NaN, NaN, NaN, NaN, NaN, NaN, NaN, NaN, NaN, NaN)","(0.023875901, 0.02230969, 0.019496536, NaN, NaN, NaN, NaN, NaN, NaN, NaN, NaN, NaN, NaN, NaN, NaN, NaN)","(5.708867, 2.9307795, 0.37883696, 0.0, 0.0, 0.0, 0.0, 0.0, 0.0, 0.0, 0.0, 0.0, 0.0, 0.0, 0.0, 0.0)","(0.119053125, 0.23368785, 0.3633862, NaN, NaN, NaN, NaN, NaN, NaN, NaN, NaN, NaN, NaN, NaN, NaN, NaN)","(0.19162025, 0.056205295, 0.08972939, NaN, NaN, NaN, NaN, NaN, NaN, NaN, NaN, NaN, NaN, NaN, NaN, NaN)","(0.02407425, 0.024262214, 0.025094917, NaN, NaN, NaN, NaN, NaN, NaN, NaN, NaN, NaN, NaN, NaN, NaN, NaN)","(5.7034144, 3.0153694, 5.838049, 0.0, 0.0, 0.0, 0.0, 0.0, 0.0, 0.0, 0.0, 0.0, 0.0, 0.0, 0.0, 0.0)","(0.15752853, 0.51373243, 0.5079674, NaN, NaN, NaN, NaN, NaN, NaN, NaN, NaN, NaN, NaN, NaN, NaN, NaN)",,,,,RRab,0.04959058,0.0861425,209.19890289829743,0.070963696,36.58237619426795,0.09391054,-0.1893075997228324,0.159122,1.2316433,-1.0649059112967203,0.080421716,-0.6188059451877381,0.116973385,18.54761,18.737919,18.175432,717.6338617538927,5.806277,436.7665147113765,13.449038,425.58376762210327,9.2665825,0.008784249566336472,0.033431181340101195,0.02363983165162309,17.458707986,-0.16414336777813235,17.595206275446134,,,,
375316653866487565,1250883833113992448,0.5754716320564279,3.374696e-06,,,1703.8592730760274,4.772541e-06,1703.861895734224,2.7650169e-05,1703.8608495865285,8.516681e-05,,,18.724737,0.0070935143,18.89994,0.025589166,18.271719,0.036053855,,,0.73067915,0.04636277,0.7542591,0.050915867,0.23065628,0.1151612,,,-1.0475463,0.33818683,0.45675284,0.037739236,0.39072764,0.032036096,4.0377774,0.085692234,2.2210739,0.13675465,51,49,49,,18.743752,18.921276,18.27355,4,2,1,,1705.5056974153408,1705.506011707704,1705.5061008593275,,1.737705117499076,1.0190297e-05,,,"(0.24120486, 0.110171005, 0.09424541, 0.061285328, NaN, NaN, NaN, NaN, NaN, NaN, NaN, NaN, NaN, NaN, NaN, NaN)","(0.009829525, 0.010020408, 0.010266857, 0.011395133, NaN, NaN, NaN, NaN, NaN, NaN, NaN, NaN, NaN, NaN, NaN, NaN)","(1.610485, 0.97556174, 0.76934326, 0.37232944, 0.0, 0.0, 0.0, 0.0, 0.0, 0.0, 0.0, 0.0, 0.0, 0.0, 0.0, 0.0)","(0.042936467, 0.10979896, 0.20317274, 0.1638455, NaN, NaN, NaN, NaN, NaN, NaN, NaN, NaN, NaN, NaN, NaN, NaN)","(0.25220007, 0.18224676, NaN, NaN, NaN, NaN, NaN, NaN, NaN, NaN, NaN, NaN, NaN, NaN, NaN, NaN)","(0.02138156, 0.029280083, NaN, NaN, NaN, NaN, NaN, NaN, NaN, NaN, NaN, NaN, NaN, NaN, NaN, NaN)","(1.7340157, 1.6804447, 0.0, 0.0, 0.0, 0.0, 0.0, 0.0, 0.0, 0.0, 0.0, 0.0, 0.0, 0.0, 0.0, 0.0)","(0.31599122, 0.611995, NaN, NaN, NaN, NaN, NaN, NaN, NaN, NaN, NaN, NaN, NaN, NaN, NaN, NaN)","(0.11532848, NaN, NaN, NaN, NaN, NaN, NaN, NaN, NaN, NaN, NaN, NaN, NaN, NaN, NaN, NaN)","(0.030973328, NaN, NaN, NaN, NaN, NaN, NaN, NaN, NaN, NaN, NaN, NaN, NaN, NaN, NaN, NaN)","(2.253246, 0.0, 0.0, 0.0, 0.0, 0.0, 0.0, 0.0, 0.0, 0.0, 0.0, 0.0, 0.0, 0.0, 0.0, 0.0)","(0.7399819, NaN, NaN, NaN, NaN, NaN, NaN, NaN, NaN, NaN, NaN, NaN, NaN, NaN, NaN, NaN)",,,,,RRab,0.31079838,0.13425708,206.91937452101035,0.14278941,20.95188654832359,0.11926717,0.0862394145820751,0.19884843,1.7605337,-1.6274722780843274,0.18042661,-0.6714259944631422,0.14148778,18.723017,18.901108,18.308754,610.5759620106578,5.6805654,375.8144639126938,15.627622,376.40602808582105,11.745476,0.010100937866060877,0.045147036196407864,0.033878477871487525,17.586232612,-0.23997608010544963,17.784029729141157,-1.48,0.41,41.42,3.39
375316653866487565,3940648162120975488,0.5893102589486826,2.6235534e-06,,,1687.2814422817985,3.710265e-06,1687.2723469222856,9.4326446e-05,1687.3124091113136,4.3728174e-05,,,18.738108,0.0025014158,18.768324,0.060731336,18.31241,0.037437655,,,0.736563,0.0133765675,0.48272792,0.13272794,0.5677671,0.1343027,,,-0.97868186,0.23560047,0.46169305,0.017207928,0.3440497,0.013674892,4.0985713,0.044154443,2.3068519,0.058545507,67,58,59,,18.757395,18.781063,18.330288,5,1,1,,1688.745288965027,1688.7456031904226,1688.7456926153889,,1.6968990184966055,7.554434e-06,,,"(0.24581495, 0.11349105, 0.08457256, 0.05901192, 0.030513788, NaN, NaN, NaN, NaN, NaN, NaN, NaN, NaN, NaN, NaN, NaN)","(0.0025940654, 0.0041086623, 0.00344802, 0.003491396, 0.0039099706, NaN, NaN, NaN, NaN, NaN, NaN, NaN, NaN, NaN, NaN, NaN)","(5.4308276, 2.3938563, 6.0329647, 3.3195431, 0.63714635, 0.0, 0.0, 0.0, 0.0, 0.0, 0.0, 0.0, 0.0, 0.0, 0.0, 0.0)","(0.02754739, 0.047788896, 0.07789537, 0.10019552, 0.15306802, NaN, NaN, NaN, NaN, NaN, NaN, NaN, NaN, NaN, NaN, NaN)","(0.24136505, NaN, NaN, NaN, NaN, NaN, NaN, NaN, NaN, NaN, NaN, NaN, NaN, NaN, NaN, NaN)","(0.05240423, NaN, NaN, NaN, NaN, NaN, NaN, NaN, NaN, NaN, NaN, NaN, NaN, NaN, NaN, NaN)","(6.280195, 0.0, 0.0, 0.0, 0.0, 0.0, 0.0, 0.0, 0.0, 0.0, 0.0, 0.0, 0.0, 0.0, 0.0, 0.0)","(1.0985532, NaN, NaN, NaN, NaN, NaN, NaN, NaN, NaN, NaN, NaN, NaN, NaN, NaN, NaN, NaN)","(0.28388363, NaN, NaN, NaN, NaN, NaN, NaN, NaN, NaN, NaN, NaN, NaN, NaN, NaN, NaN, NaN)","(0.052517723, NaN, NaN, NaN, NaN, NaN, NaN, NaN, NaN, NaN, NaN, NaN, NaN, NaN, NaN, NaN)","(5.855155, 0.0, 0.0, 0.0, 0.0, 0.0, 0.0, 0.0, 0.0, 0.0, 0.0, 0.0, 0.0, 0.0, 0.0, 0.0)","(0.27717322, NaN, NaN, NaN, NaN, NaN, NaN, NaN, NaN, NaN, NaN, NaN, NaN, NaN, NaN, NaN)",,,,,RRab,0.20869212,0.12638026,199.7489679583612,0.1538823,21.93905007363705,0.10315968,0.3673495001610377,0.18981828,1.3520447,-1.0328284422585932,0.20477057,-0.8725194440764628,0.1120404,18.772575,18.946388,18.402029,583.3328527354578,4.7566757,360.4635595614433,17.870728,345.4195717823828,11.634867,0.008853132106776828,0.05382582753498212,0.036569946041905964,17.691850002,-0.22965599846700585,17.758332725861433,-1.47,0.41,43.99,3.61
375316653866487565,1443008410438299008,0.5759152106571094,6.558352e-06,,,1690.065597144664,9.274911e-06,1690.6282667998512,1.8624398e-05,1690.1620675274703,6.2155625e-05,,,18.466019,0.0120795,18.648228,0.024523424,18.10722,0.024137164,,,0.64934224,0.055677593,0.76289433,0.11385797,0.3659707,0.1186147,,,-2.4084167,0.95597017,0.41287804,0.049994275,0.26788005,0.07564396,3.8575509,0.13158458,1.6096622,0.33954412,87,76,77,,18.484615,18.67252,18.113556,3,2,1,,1691.7489973054148,1691.8233140481682,1691.8234034809552,,1.736366710750732,1.977323e-05,,,"(0.26078218, 0.107671246, 0.06985835, NaN, NaN, NaN, NaN, NaN, NaN, NaN, NaN, NaN, NaN, NaN, NaN, NaN)","(0.014149596, 0.016046, 0.023240691, NaN, NaN, NaN, NaN, NaN, NaN, NaN, NaN, NaN, NaN, NaN, NaN, NaN)","(2.289729, 2.1538239, 2.1956644, 0.0, 0.0, 0.0, 0.0, 0.0, 0.0, 0.0, 0.0, 0.0, 0.0, 0.0, 0.0, 0.0)","(0.05730217, 0.1524342, 0.29974744, NaN, NaN, NaN, NaN, NaN, NaN, NaN, NaN, NaN, NaN, NaN, NaN, NaN)","(0.29195738, 0.15814915, NaN, NaN, NaN, NaN, NaN, NaN, NaN, NaN, NaN, NaN, NaN, NaN, NaN, NaN)","(0.036492124, 0.03616009, NaN, NaN, NaN, NaN, NaN, NaN, NaN, NaN, NaN, NaN, NaN, NaN, NaN, NaN)","(3.2902973, 4.383368, 0.0, 0.0, 0.0, 0.0, 0.0, 0.0, 0.0, 0.0, 0.0, 0.0, 0.0, 0.0, 0.0, 0.0)","(0.1640607, 0.3613214, NaN, NaN, NaN, NaN, NaN, NaN, NaN, NaN, NaN, NaN, NaN, NaN, NaN, NaN)","(0.18298535, NaN, NaN, NaN, NaN, NaN, NaN, NaN, NaN, NaN, NaN, NaN, NaN, NaN, NaN, NaN)","(0.03786026, NaN, NaN, NaN, NaN, NaN, NaN, NaN, NaN, NaN, NaN, NaN, NaN, NaN, NaN, NaN)","(2.4189694, 0.0, 0.0, 0.0, 0.0, 0.0, 0.0, 0.0, 0.0, 0.0, 0.0, 0.0, 0.0, 0.0, 0.0, 0.0)","(0.3157373, NaN, NaN, NaN, NaN, NaN, NaN, NaN, NaN, NaN, NaN, NaN, NaN, NaN, NaN, NaN)",,,,,RRab,-0.022699546,0.099950254,203.24799044800156,0.10737557,23.04973114807928,0.07584496,0.3698638457813978,0.14445052,0.9966022,-0.9903065742260068,0.16176909,-0.111842498268384,0.08216991,18.46926,18.67313,18.145536,771.3344029643698,5.6389647,463.62311155565095,15.521158,437.4653882950326,10.875027,0.007937185157645308,0.03634702589363312,0.02698960221725516,17.451983331999998,-0.23964145104603954,17.783196502783223,-2.05,0.49,40.29,3.36
375316653866487565,1443201542231710592,0.6038115196271027,1.2233212e-05,,,1688.641325068732,1.7300375e-05,1688.6684042966083,4.147757e-05,1688.695729562759,5.9326565e-05,,,18.608667,0.013717497,18.78803,0.044203952,18.243296,0.031972192,,,0.6884403,0.048112042,0.8445412,0.13505645,0.4464801,0.090262264,,,-1.2124543,0.51698434,0.47701967,0.041838367,0.2845736,0.05248558,4.1769614,0.11372685,2.2266264,0.22756515,55,49,50,,18.627304,18.822206,18.249716,3,2,2,,1689.9974857418144,1690.2479493720334,1690.2480377079926,,1.6561459453731064,3.3553493e-05,,,"(0.25280964, 0.12059517, 0.071942955, NaN, NaN, NaN, NaN, NaN, NaN, NaN, NaN, NaN, NaN, NaN, NaN, NaN)","(0.015834004, 0.012697608, 0.013509888, NaN, NaN, NaN, NaN, NaN, NaN, NaN, NaN, NaN, NaN, NaN, NaN, NaN)","(4.1628895, 6.2195544, 2.1489236, 0.0, 0.0, 0.0, 0.0, 0.0, 0.0, 0.0, 0.0, 0.0, 0.0, 0.0, 0.0, 0.0)","(0.15437795, 0.2846849, 0.44663945, NaN, NaN, NaN, NaN, NaN, NaN, NaN, NaN, NaN, NaN, NaN, NaN, NaN)","(0.35830128, 0.13622735, NaN, NaN, NaN, NaN, NaN, NaN, NaN, NaN, NaN, NaN, NaN, NaN, NaN, NaN)","(0.041055117, 0.06700819, NaN, NaN, NaN, NaN, NaN, NaN, NaN, NaN, NaN, NaN, NaN, NaN, NaN, NaN)","(0.42311427, 4.9998474, 0.0, 0.0, 0.0, 0.0, 0.0, 0.0, 0.0, 0.0, 0.0, 0.0, 0.0, 0.0, 0.0, 0.0)","(0.3592046, 0.80304193, NaN, NaN, NaN, NaN, NaN, NaN, NaN, NaN, NaN, NaN, NaN, NaN, NaN, NaN)","(0.112615764, 0.14088537, NaN, NaN, NaN, NaN, NaN, NaN, NaN, NaN, NaN, NaN, NaN, NaN, NaN, NaN)","(0.03269132, 0.04377824, NaN, NaN, NaN, NaN, NaN, NaN, NaN, NaN, NaN, NaN, NaN, NaN, NaN, NaN)","(5.855815, 4.338608, 0.0, 0.0, 0.0, 0.0, 0.0, 0.0, 0.0, 0.0, 0.0, 0.0, 0.0, 0.0, 0.0, 0.0)","(0.5803077, 0.9894387, NaN, NaN, NaN, NaN, NaN, NaN, NaN, NaN, NaN, NaN, NaN, NaN, NaN, NaN)",,,,,RRab,-0.010631473,0.12900475,201.6487388757848,0.123847544,23.192476649559755,0.10863347,-0.405769495287658,0.18115771,1.4784411,-1.1074593297767423,0.21311736,-0.9794497765450452,0.14525768,18.634638,18.863161,18.2628,662.3562323308059,6.0316463,389.182051223622,17.344051,392.6795346988537,9.154677,0.009886761939063935,0.048384647009016686,0.025311308435063743,17.454773157999995,-0.21909860568396983,17.73204481783167,-1.63,0.45,40.29,3.09
