,solution_id,source_id,pf,pf_error,p1_o,p1_o_error,epoch_g,epoch_g_error,epoch_bp,epoch_bp_error,epoch_rp,epoch_rp_error,epoch_rv,epoch_rv_error,int_average_g,int_average_g_error,int_average_bp,int_average_bp_error,int_average_rp,int_average_rp_error,average_rv,average_rv_error,peak_to_peak_g,peak_to_peak_g_error,peak_to_peak_bp,peak_to_peak_bp_error,peak_to_peak_rp,peak_to_peak_rp_error,peak_to_peak_rv,peak_to_peak_rv_error,metallicity,metallicity_error,r21_g,r21_g_error,r31_g,r31_g_error,phi21_g,phi21_g_error,phi31_g,phi31_g_error,num_clean_epochs_g,num_clean_epochs_bp,num_clean_epochs_rp,num_clean_epochs_rv,zp_mag_g,zp_mag_bp,zp_mag_rp,num_harmonics_for_p1_g,num_harmonics_for_p1_bp,num_harmonics_for_p1_rp,num_harmonics_for_p1_rv,reference_time_g,reference_time_bp,reference_time_rp,reference_time_rv,fund_freq1,fund_freq1_error,fund_freq2,fund_freq2_error,fund_freq1_harmonic_ampl_g,fund_freq1_harmonic_ampl_g_error,fund_freq1_harmonic_phase_g,fund_freq1_harmonic_phase_g_error,fund_freq1_harmonic_ampl_bp,fund_freq1_harmonic_ampl_bp_error,fund_freq1_harmonic_phase_bp,fund_freq1_harmonic_phase_bp_error,fund_freq1_harmonic_ampl_rp,fund_freq1_harmonic_ampl_rp_error,fund_freq1_harmonic_phase_rp,fund_freq1_harmonic_phase_rp_error,fund_freq1_harmonic_ampl_rv,fund_freq1_harmonic_ampl_rv_error,fund_freq1_harmonic_phase_rv,fund_freq1_harmonic_phase_rv_error,best_classification,g_absorption,g_absorption_error,ra,ra_error,dec,dec_error,parallax,parallax_error,pm,pmra,pmra_error,pmdec,pmdec_error,phot_g_mean_mag,phot_bp_mean_mag,phot_rp_mean_mag,phot_g_mean_flux,phot_g_mean_flux_error,phot_bp_mean_flux,phot_bp_mean_flux_error,phot_rp_mean_flux,phot_rp_mean_flux_error,phot_g_mean_mag_error,phot_bp_mean_mag_error,phot_rp_mean_mag_error,w_mag,w_period,pw_line,_merge,FeH,e_FeH,Dist,e_Dist
12,3.7531665386648755e+17,1226522469372990208,0.6476637914491802,2.8645194e-05,,,1705.010008022437,4.0510422e-05,1813.546599282264,0.00012310194,1705.0473787322203,0.0006095588,,,19.731262,0.009506539,19.805141,0.12796344,19.20832,0.041301306,,,0.32193026,0.019446425,0.8649133,0.48243123,0.067924306,0.13780355,,,,,0.2998285,0.08301844,,,4.088301,0.29295808,,,46.0,38.0,40.0,,19.735495,19.845764,19.207502,2.0,1.0,1.0,,1706.824114302286,1815.4792354052845,1706.8245446926142,,1.5440109717457724,6.828928e-05,,,"(0.14441016, 0.04329828, NaN, NaN, NaN, NaN, NaN, NaN, NaN, NaN, NaN, NaN, NaN, NaN, NaN, NaN)","(0.008802501, 0.012599521, NaN, NaN, NaN, NaN, NaN, NaN, NaN, NaN, NaN, NaN, NaN, NaN, NaN, NaN)","(1.6376723, 1.0804603, 0.0, 0.0, 0.0, 0.0, 0.0, 0.0, 0.0, 0.0, 0.0, 0.0, 0.0, 0.0, 0.0, 0.0)","(0.26380208, 0.55849653, NaN, NaN, NaN, NaN, NaN, NaN, NaN, NaN, NaN, NaN, NaN, NaN, NaN, NaN)","(0.43245733, NaN, NaN, NaN, NaN, NaN, NaN, NaN, NaN, NaN, NaN, NaN, NaN, NaN, NaN, NaN)","(0.16430482, NaN, NaN, NaN, NaN, NaN, NaN, NaN, NaN, NaN, NaN, NaN, NaN, NaN, NaN, NaN)","(3.0329802, 0.0, 0.0, 0.0, 0.0, 0.0, 0.0, 0.0, 0.0, 0.0, 0.0, 0.0, 0.0, 0.0, 0.0, 0.0)","(1.1465724, NaN, NaN, NaN, NaN, NaN, NaN, NaN, NaN, NaN, NaN, NaN, NaN, NaN, NaN, NaN)","(0.033962175, NaN, NaN, NaN, NaN, NaN, NaN, NaN, NaN, NaN, NaN, NaN, NaN, NaN, NaN, NaN)","(0.056367595, NaN, NaN, NaN, NaN, NaN, NaN, NaN, NaN, NaN, NaN, NaN, NaN, NaN, NaN, NaN)","(1.53199, 0.0, 0.0, 0.0, 0.0, 0.0, 0.0, 0.0, 0.0, 0.0, 0.0, 0.0, 0.0, 0.0, 0.0, 0.0)","(5.0293617, NaN, NaN, NaN, NaN, NaN, NaN, NaN, NaN, NaN, NaN, NaN, NaN, NaN, NaN, NaN)",,,,,RRab,0.4522777,0.16817181,211.74213517482525,0.35341173,12.520602292290592,0.38615453,-1.079396279256023,0.47730112,1.035633,0.0338407429978213,0.4983209,-1.035079918265269,0.4979874,19.733597,20.047882,19.309582,240.7176993529218,1.5004818,130.69654011716494,9.877438,149.73565915597638,6.1836643,0.0067675667166940566,0.08205216776960096,0.04483637610675347,18.312249399999995,-0.1886503821083416,18.324859129159112,,,,,
13,3.7531665386648755e+17,1230833517027065728,,,0.4177787949280142,5.2771156e-06,1705.1747420925506,7.462969e-06,1842.2208071557236,6.4591964e-05,1705.238342134941,5.2283613e-05,,,19.414898,0.005418058,19.533928,0.064251006,19.004162,0.05680646,,,0.39173397,0.010319992,0.6833189,0.2789788,0.62280655,0.23996657,,,,,0.13827762,0.03694317,,,5.4456487,0.30459154,,,41.0,32.0,36.0,,19.422737,19.55022,19.02222,2.0,2.0,2.0,,1706.25135804708,1843.2200749540252,1706.251788270366,,2.3936111936277333,3.0234572e-05,,,"(0.19157644, 0.026490731, NaN, NaN, NaN, NaN, NaN, NaN, NaN, NaN, NaN, NaN, NaN, NaN, NaN, NaN)","(0.0056105074, 0.006850783, NaN, NaN, NaN, NaN, NaN, NaN, NaN, NaN, NaN, NaN, NaN, NaN, NaN, NaN)","(0.20630035, 5.8582497, 0.0, 0.0, 0.0, 0.0, 0.0, 0.0, 0.0, 0.0, 0.0, 0.0, 0.0, 0.0, 0.0, 0.0)","(0.11830711, 0.4209456, NaN, NaN, NaN, NaN, NaN, NaN, NaN, NaN, NaN, NaN, NaN, NaN, NaN, NaN)","(0.1680314, 0.21648873, NaN, NaN, NaN, NaN, NaN, NaN, NaN, NaN, NaN, NaN, NaN, NaN, NaN, NaN)","(0.07079569, 0.0, NaN, NaN, NaN, NaN, NaN, NaN, NaN, NaN, NaN, NaN, NaN, NaN, NaN, NaN)","(5.039674, 1.9874225, 0.0, 0.0, 0.0, 0.0, 0.0, 0.0, 0.0, 0.0, 0.0, 0.0, 0.0, 0.0, 0.0, 0.0)","(0.79189533, 0.0, NaN, NaN, NaN, NaN, NaN, NaN, NaN, NaN, NaN, NaN, NaN, NaN, NaN, NaN)","(0.22374022, 0.16857411, NaN, NaN, NaN, NaN, NaN, NaN, NaN, NaN, NaN, NaN, NaN, NaN, NaN, NaN)","(0.08771863, 0.092124104, NaN, NaN, NaN, NaN, NaN, NaN, NaN, NaN, NaN, NaN, NaN, NaN, NaN, NaN)","(5.9102736, 2.1425922, 0.0, 0.0, 0.0, 0.0, 0.0, 0.0, 0.0, 0.0, 0.0, 0.0, 0.0, 0.0, 0.0, 0.0)","(0.847739, 2.778695, NaN, NaN, NaN, NaN, NaN, NaN, NaN, NaN, NaN, NaN, NaN, NaN, NaN, NaN)",,,,,RRc,,,209.9986921301134,0.25745735,14.459412323535568,0.2274494,0.026215134161715,0.30495802,0.89723974,-0.7227398314320148,0.36124685,-0.5316825098322662,0.2960239,19.410736,19.672565,19.07068,324.0802167917504,2.2481112,184.6675903936852,11.028958,186.5888196340873,9.072184,0.007531389462777387,0.06484158738993034,0.052788104818476476,18.25807503,-0.2520536071500216,18.482733159512897,,,,,
19,3.7531665386648755e+17,1230825339409289600,0.7048900063034407,3.518083e-05,,,1704.3228209253978,4.9753206e-05,1704.2684833624292,0.00012071112,1704.099036408346,0.00021556027,,,19.377483,0.014306691,19.522907,0.049067803,18.99277,0.05881273,,,0.52748394,0.04150915,0.82225615,0.16714036,0.5351143,0.21103176,,,,,0.44333464,0.09406098,,,4.095761,0.19068299,,,37.0,33.0,32.0,,19.389643,19.56015,19.00796,2.0,1.0,1.0,,1706.075177481068,1706.2516400730497,1706.0755804558826,,1.41866105499802,7.080491e-05,,,"(0.21539329, 0.095491305, NaN, NaN, NaN, NaN, NaN, NaN, NaN, NaN, NaN, NaN, NaN, NaN, NaN, NaN)","(0.014061085, 0.019473935, NaN, NaN, NaN, NaN, NaN, NaN, NaN, NaN, NaN, NaN, NaN, NaN, NaN, NaN)","(5.8891215, 3.3076336, 0.0, 0.0, 0.0, 0.0, 0.0, 0.0, 0.0, 0.0, 0.0, 0.0, 0.0, 0.0, 0.0, 0.0)","(0.27139634, 0.6806903, NaN, NaN, NaN, NaN, NaN, NaN, NaN, NaN, NaN, NaN, NaN, NaN, NaN, NaN)","(0.41112885, NaN, NaN, NaN, NaN, NaN, NaN, NaN, NaN, NaN, NaN, NaN, NaN, NaN, NaN, NaN)","(0.07295733, NaN, NaN, NaN, NaN, NaN, NaN, NaN, NaN, NaN, NaN, NaN, NaN, NaN, NaN, NaN)","(1.9646801, 0.0, 0.0, 0.0, 0.0, 0.0, 0.0, 0.0, 0.0, 0.0, 0.0, 0.0, 0.0, 0.0, 0.0, 0.0)","(0.8770409, NaN, NaN, NaN, NaN, NaN, NaN, NaN, NaN, NaN, NaN, NaN, NaN, NaN, NaN, NaN)","(0.26755774, NaN, NaN, NaN, NaN, NaN, NaN, NaN, NaN, NaN, NaN, NaN, NaN, NaN, NaN, NaN)","(0.06860751, NaN, NaN, NaN, NaN, NaN, NaN, NaN, NaN, NaN, NaN, NaN, NaN, NaN, NaN, NaN)","(1.9059052, 0.0, 0.0, 0.0, 0.0, 0.0, 0.0, 0.0, 0.0, 0.0, 0.0, 0.0, 0.0, 0.0, 0.0, 0.0)","(1.263921, NaN, NaN, NaN, NaN, NaN, NaN, NaN, NaN, NaN, NaN, NaN, NaN, NaN, NaN, NaN)",,,,,RRab,-0.02457835,0.20953274,209.77647826059112,0.3607808,14.316649339698262,0.26352778,-0.174680064779548,0.43470675,1.4871188,-0.9687255149165516,0.5128311,-1.128314319103684,0.31751767,19.388979,19.67824,19.158094,330.639584609651,3.5930057,183.7051160444893,13.136075,172.15542529009676,10.386442,0.011798122396915618,0.0776344009061027,0.06550220569812437,18.377762388,-0.1518786466715015,18.23329750792138,,,,,
20,3.7531665386648755e+17,1230850009701023232,,,0.3119811680063954,1.2700519e-06,1705.4247399319386,1.7961246e-06,1705.4362939428684,1.6911741e-05,1705.447320394311,2.5989264e-05,,,19.503572,0.0033178383,19.512304,0.04397663,19.193281,0.07076881,,,0.54424244,0.012189894,0.48529005,0.12842606,0.36887112,0.27232343,,,,,0.29634303,0.017977035,,,4.1926646,0.08520766,,,35.0,32.0,32.0,,19.517944,19.525095,19.200329,2.0,1.0,1.0,,1706.2514900271556,1706.251832759091,1706.2519204257371,,3.205321674991295,1.3048624e-05,,,"(0.24322456, 0.0720779, NaN, NaN, NaN, NaN, NaN, NaN, NaN, NaN, NaN, NaN, NaN, NaN, NaN, NaN)","(0.004440971, 0.0050409706, NaN, NaN, NaN, NaN, NaN, NaN, NaN, NaN, NaN, NaN, NaN, NaN, NaN, NaN)","(0.66383845, 5.5203414, 0.0, 0.0, 0.0, 0.0, 0.0, 0.0, 0.0, 0.0, 0.0, 0.0, 0.0, 0.0, 0.0, 0.0)","(0.049438503, 0.11583244, NaN, NaN, NaN, NaN, NaN, NaN, NaN, NaN, NaN, NaN, NaN, NaN, NaN, NaN)","(0.24264579, NaN, NaN, NaN, NaN, NaN, NaN, NaN, NaN, NaN, NaN, NaN, NaN, NaN, NaN, NaN)","(0.048175924, NaN, NaN, NaN, NaN, NaN, NaN, NaN, NaN, NaN, NaN, NaN, NaN, NaN, NaN, NaN)","(0.7187958, 0.0, 0.0, 0.0, 0.0, 0.0, 0.0, 0.0, 0.0, 0.0, 0.0, 0.0, 0.0, 0.0, 0.0, 0.0)","(0.62172306, NaN, NaN, NaN, NaN, NaN, NaN, NaN, NaN, NaN, NaN, NaN, NaN, NaN, NaN, NaN)","(0.18443558, NaN, NaN, NaN, NaN, NaN, NaN, NaN, NaN, NaN, NaN, NaN, NaN, NaN, NaN, NaN)","(0.07786053, NaN, NaN, NaN, NaN, NaN, NaN, NaN, NaN, NaN, NaN, NaN, NaN, NaN, NaN, NaN)","(0.496867, 0.0, 0.0, 0.0, 0.0, 0.0, 0.0, 0.0, 0.0, 0.0, 0.0, 0.0, 0.0, 0.0, 0.0, 0.0)","(0.9170302, NaN, NaN, NaN, NaN, NaN, NaN, NaN, NaN, NaN, NaN, NaN, NaN, NaN, NaN, NaN)",,,,,RRc,,,209.96387974994957,0.30269027,14.65161978818569,0.24826935,0.3105281991817679,0.37851667,1.4822731,-0.650599442003519,0.3603794,-1.3318611069437758,0.3417416,19.572344,19.630919,19.345287,279.2605437184855,2.6983366,191.88870760275265,9.845411,144.8916531450898,7.5975633,0.010490504700775881,0.055705011807305874,0.0569299493501537,18.954587296,-0.3788716203332958,18.79851001233925,,,,,
22,3.7531665386648755e+17,1230834135502357632,0.576032099571061,2.1092541e-05,,,1704.5411586258192,2.9829358e-05,1704.9503886440414,0.000442998,1704.6069575137913,0.00015962149,,,19.560804,0.04023853,19.011566,0.31876656,18.945782,0.08271165,,,0.72766286,0.09299409,1.4163431,0.70161116,0.66768736,0.2589927,,,,,0.5937951,0.11742452,,,4.077228,0.2628943,,,39.0,31.0,33.0,,19.58207,19.123346,18.961552,2.0,1.0,2.0,,1706.2513979294456,1706.2517126417383,1706.251799782681,,1.7360143657699705,6.356756e-05,,,"(0.2692544, 0.15988195, NaN, NaN, NaN, NaN, NaN, NaN, NaN, NaN, NaN, NaN, NaN, NaN, NaN, NaN)","(0.029547693, 0.046722423, NaN, NaN, NaN, NaN, NaN, NaN, NaN, NaN, NaN, NaN, NaN, NaN, NaN, NaN)","(2.6162825, 3.026608, 0.0, 0.0, 0.0, 0.0, 0.0, 0.0, 0.0, 0.0, 0.0, 0.0, 0.0, 0.0, 0.0, 0.0)","(0.2371569, 0.30028638, NaN, NaN, NaN, NaN, NaN, NaN, NaN, NaN, NaN, NaN, NaN, NaN, NaN, NaN)","(0.7081726, NaN, NaN, NaN, NaN, NaN, NaN, NaN, NaN, NaN, NaN, NaN, NaN, NaN, NaN, NaN)","(0.2726111, NaN, NaN, NaN, NaN, NaN, NaN, NaN, NaN, NaN, NaN, NaN, NaN, NaN, NaN, NaN)","(4.808402, 0.0, 0.0, 0.0, 0.0, 0.0, 0.0, 0.0, 0.0, 0.0, 0.0, 0.0, 0.0, 0.0, 0.0, 0.0)","(4.6811585, NaN, NaN, NaN, NaN, NaN, NaN, NaN, NaN, NaN, NaN, NaN, NaN, NaN, NaN, NaN)","(0.15905236, 0.22193459, NaN, NaN, NaN, NaN, NaN, NaN, NaN, NaN, NaN, NaN, NaN, NaN, NaN, NaN)","(0.07675041, 0.0, NaN, NaN, NaN, NaN, NaN, NaN, NaN, NaN, NaN, NaN, NaN, NaN, NaN, NaN)","(1.244116, 1.6317893, 0.0, 0.0, 0.0, 0.0, 0.0, 0.0, 0.0, 0.0, 0.0, 0.0, 0.0, 0.0, 0.0, 0.0)","(0.87902945, 0.0, NaN, NaN, NaN, NaN, NaN, NaN, NaN, NaN, NaN, NaN, NaN, NaN, NaN, NaN)",,,,,RRab,0.9096082,0.38157508,209.94697069526805,0.32268026,14.465609739909302,0.2298679,-0.095320173648418,0.35269707,1.0275116,0.5949286616798073,0.43760663,-0.8377588443227096,0.28419673,19.580751,19.70924,19.166737,277.1061907088591,3.5713403,178.5341216790955,19.571547,170.79052796942253,12.439808,0.013992484808048856,0.11901830517358193,0.07907873876950616,18.518113234,-0.23955331470499625,18.451607431324785,,,,,
24,3.7531665386648755e+17,1230827538432572416,0.7345661743120784,1.4178801e-05,,,1704.4386050475111,2.0051853e-05,1704.4512757974658,9.24231e-05,1704.4314878339487,0.00024232795,,,19.396923,0.0059347977,19.652092,0.0356048,18.98756,0.05190708,,,0.5752855,0.019900981,0.44848138,0.11767309,0.26806906,0.17668775,,,-2.0638947,0.43947032,0.40623927,0.03517571,0.29522443,0.03725102,4.145899,0.12124479,2.2103891,0.13524637,38.0,34.0,32.0,,19.410242,19.66246,18.990593,3.0,1.0,1.0,,1706.0752184838784,1706.07553277298,1706.0756218596323,,1.3613477382572108,2.6277114e-05,,,"(0.22187649, 0.09013494, 0.06550336, NaN, NaN, NaN, NaN, NaN, NaN, NaN, NaN, NaN, NaN, NaN, NaN, NaN)","(0.0073094075, 0.008619115, 0.008231356, NaN, NaN, NaN, NaN, NaN, NaN, NaN, NaN, NaN, NaN, NaN, NaN, NaN)","(4.049262, 5.9612374, 1.7918048, 0.0, 0.0, 0.0, 0.0, 0.0, 0.0, 0.0, 0.0, 0.0, 0.0, 0.0, 0.0, 0.0)","(0.10087633, 0.2840882, 0.30245355, NaN, NaN, NaN, NaN, NaN, NaN, NaN, NaN, NaN, NaN, NaN, NaN, NaN)","(0.22424148, NaN, NaN, NaN, NaN, NaN, NaN, NaN, NaN, NaN, NaN, NaN, NaN, NaN, NaN, NaN)","(0.05361327, NaN, NaN, NaN, NaN, NaN, NaN, NaN, NaN, NaN, NaN, NaN, NaN, NaN, NaN, NaN)","(4.4646764, 0.0, 0.0, 0.0, 0.0, 0.0, 0.0, 0.0, 0.0, 0.0, 0.0, 0.0, 0.0, 0.0, 0.0, 0.0)","(0.374935, NaN, NaN, NaN, NaN, NaN, NaN, NaN, NaN, NaN, NaN, NaN, NaN, NaN, NaN, NaN)","(0.13403514, NaN, NaN, NaN, NaN, NaN, NaN, NaN, NaN, NaN, NaN, NaN, NaN, NaN, NaN, NaN)","(0.066711545, NaN, NaN, NaN, NaN, NaN, NaN, NaN, NaN, NaN, NaN, NaN, NaN, NaN, NaN, NaN)","(4.6400084, 0.0, 0.0, 0.0, 0.0, 0.0, 0.0, 0.0, 0.0, 0.0, 0.0, 0.0, 0.0, 0.0, 0.0, 0.0)","(1.514994, NaN, NaN, NaN, NaN, NaN, NaN, NaN, NaN, NaN, NaN, NaN, NaN, NaN, NaN, NaN)",,,,,RRab,0.05197553,0.17847018,209.85726173577152,0.26898327,14.39588793052653,0.22383869,0.5963415625184685,0.3479353,1.0066463,-0.1280703367073186,0.34518963,-0.9984661999555466,0.29908082,19.43749,19.764261,19.095987,316.19157760819286,3.002455,169.7118907751346,8.178129,182.29023610838328,8.941857,0.01030946307348933,0.05231804686605324,0.05325668753387245,18.112500372,-0.13396907415004888,18.188702672342963,,,,,
28,3.7531665386648755e+17,1230519198435520128,0.5372982853559244,2.0528073e-06,,,1706.470775839045,2.9031078e-06,1706.480227843777,1.230618e-05,1706.479739976162,4.684385e-05,,,19.068441,0.007851531,19.000412,0.070919566,18.66411,0.047785666,,,1.0381601,0.039176267,1.4641247,0.20260286,0.67174894,0.14518273,,,-2.438192,0.34622365,0.37860298,0.02541042,0.31504363,0.028320262,3.8266976,0.09017771,1.4452286,0.09780422,49.0,45.0,42.0,,19.113577,19.074696,18.689297,6.0,3.0,1.0,,1707.7522322496188,1707.752546626607,1707.7526354143463,,1.8611635794399877,7.11078e-06,,,"(0.37274575, 0.14112265, 0.11743117, 0.08409055, 0.05684091, 0.046392962, NaN, NaN, NaN, NaN, NaN, NaN, NaN, NaN, NaN, NaN)","(0.010625109, 0.009517299, 0.01147558, 0.0092082545, 0.010542742, 0.010030825, NaN, NaN, NaN, NaN, NaN, NaN, NaN, NaN, NaN, NaN)","(4.989484, 1.2392949, 3.84731, 0.4441666, 3.0450082, 6.1938815, 0.0, 0.0, 0.0, 0.0, 0.0, 0.0, 0.0, 0.0, 0.0, 0.0)","(0.05445256, 0.08031438, 0.1617468, 0.21498308, 0.3037504, 0.28924406, NaN, NaN, NaN, NaN, NaN, NaN, NaN, NaN, NaN, NaN)","(0.16803464, 0.48086992, 0.25771078, NaN, NaN, NaN, NaN, NaN, NaN, NaN, NaN, NaN, NaN, NaN, NaN, NaN)","(0.12922421, 0.13469979, 0.08152257, NaN, NaN, NaN, NaN, NaN, NaN, NaN, NaN, NaN, NaN, NaN, NaN, NaN)","(5.152085, 0.88124675, 4.689899, 0.0, 0.0, 0.0, 0.0, 0.0, 0.0, 0.0, 0.0, 0.0, 0.0, 0.0, 0.0, 0.0)","(0.29493147, 0.40108475, 0.5900976, NaN, NaN, NaN, NaN, NaN, NaN, NaN, NaN, NaN, NaN, NaN, NaN, NaN)","(0.3358748, NaN, NaN, NaN, NaN, NaN, NaN, NaN, NaN, NaN, NaN, NaN, NaN, NaN, NaN, NaN)","(0.048776392, NaN, NaN, NaN, NaN, NaN, NaN, NaN, NaN, NaN, NaN, NaN, NaN, NaN, NaN, NaN)","(5.46146, 0.0, 0.0, 0.0, 0.0, 0.0, 0.0, 0.0, 0.0, 0.0, 0.0, 0.0, 0.0, 0.0, 0.0, 0.0)","(0.44138533, NaN, NaN, NaN, NaN, NaN, NaN, NaN, NaN, NaN, NaN, NaN, NaN, NaN, NaN, NaN)",,,,,RRab,0.21710628,0.1687478,212.92478174996145,0.19520287,15.178859861275631,0.1694244,0.1797251855335895,0.24095608,0.78712684,-0.1696706727003703,0.23942196,-0.7686224956355527,0.19194734,19.104465,19.110516,18.711102,429.6953178424851,6.323309,309.89243516116625,22.142218,259.8470306089859,13.296943,0.015976940628002388,0.07757467867874084,0.05555765244369418,18.300767292,-0.2697845453640227,18.52688319566576,,,,,
29,3.7531665386648755e+17,1230834925776358912,,,0.3917737808782942,4.275072e-06,1705.2551026734388,6.0458647e-06,1814.119078904865,2.742894e-05,1813.8693261232129,7.336469e-05,,,19.493483,0.006512741,19.67158,0.042034242,19.136688,0.055047087,,,0.4340094,0.02176702,0.5520035,0.18655923,0.5355422,0.15804908,,,,,0.17071529,0.03546508,,,5.193266,0.18830875,,,36.0,28.0,29.0,,19.502756,19.687378,19.152382,2.0,1.0,1.0,,1706.3254286427982,1814.9058391594936,1814.9059274454307,,2.552493425563497,2.7853046e-05,,,"(0.2078219, 0.035478376, NaN, NaN, NaN, NaN, NaN, NaN, NaN, NaN, NaN, NaN, NaN, NaN, NaN, NaN)","(0.00786344, 0.007976887, NaN, NaN, NaN, NaN, NaN, NaN, NaN, NaN, NaN, NaN, NaN, NaN, NaN, NaN)","(1.1146607, 1.139402, 0.0, 0.0, 0.0, 0.0, 0.0, 0.0, 0.0, 0.0, 0.0, 0.0, 0.0, 0.0, 0.0, 0.0)","(0.13316153, 0.30297565, NaN, NaN, NaN, NaN, NaN, NaN, NaN, NaN, NaN, NaN, NaN, NaN, NaN, NaN)","(0.27600202, NaN, NaN, NaN, NaN, NaN, NaN, NaN, NaN, NaN, NaN, NaN, NaN, NaN, NaN, NaN)","(0.06651947, NaN, NaN, NaN, NaN, NaN, NaN, NaN, NaN, NaN, NaN, NaN, NaN, NaN, NaN, NaN)","(3.1904612, 0.0, 0.0, 0.0, 0.0, 0.0, 0.0, 0.0, 0.0, 0.0, 0.0, 0.0, 0.0, 0.0, 0.0, 0.0)","(0.35801685, NaN, NaN, NaN, NaN, NaN, NaN, NaN, NaN, NaN, NaN, NaN, NaN, NaN, NaN, NaN)","(0.2677711, NaN, NaN, NaN, NaN, NaN, NaN, NaN, NaN, NaN, NaN, NaN, NaN, NaN, NaN, NaN)","(0.077506386, NaN, NaN, NaN, NaN, NaN, NaN, NaN, NaN, NaN, NaN, NaN, NaN, NaN, NaN, NaN)","(0.9174599, 0.0, 0.0, 0.0, 0.0, 0.0, 0.0, 0.0, 0.0, 0.0, 0.0, 0.0, 0.0, 0.0, 0.0, 0.0)","(0.8535458, NaN, NaN, NaN, NaN, NaN, NaN, NaN, NaN, NaN, NaN, NaN, NaN, NaN, NaN, NaN)",,,,,RRc,,,209.94143335787385,0.31019172,14.527960052839656,0.28048572,0.4024863761767396,0.34165755,0.9751542,-0.5488221275466318,0.40847602,-0.8060521215525601,0.3688449,19.464226,19.71538,19.210245,308.5009937169239,2.2160277,177.52737148920855,9.457623,164.08175755401334,10.398632,0.007798812071567126,0.05783976411617279,0.06880591072827559,18.52261353,-0.2799646321516327,18.552231611766906,,,,,
30,3.7531665386648755e+17,1230835853488763008,0.6278911525387972,6.4819637e-06,,,1704.7375857991242,9.166881e-06,1704.7290612198808,7.898618e-05,1704.8001977647975,0.00012712713,,,19.359306,0.0115971,19.541006,0.07500851,18.730835,0.12030603,,,0.9026993,0.030714069,1.3065608,0.2882346,0.7417577,0.3501455,,,-2.3538187,0.43129885,0.36488378,0.025452686,0.23001699,0.020908328,3.9699898,0.08153634,1.812441,0.14940572,44.0,35.0,34.0,,19.399408,19.617018,18.761814,3.0,2.0,1.0,,1706.2514313678953,1706.2517458583245,1706.3258364536457,,1.5926327293458882,1.6441365e-05,,,"(0.3783934, 0.13806961, 0.087036915, NaN, NaN, NaN, NaN, NaN, NaN, NaN, NaN, NaN, NaN, NaN, NaN, NaN)","(0.011021519, 0.00912986, 0.009289035, NaN, NaN, NaN, NaN, NaN, NaN, NaN, NaN, NaN, NaN, NaN, NaN, NaN)","(5.3145857, 2.0327902, 5.189827, 0.0, 0.0, 0.0, 0.0, 0.0, 0.0, 0.0, 0.0, 0.0, 0.0, 0.0, 0.0, 0.0)","(0.06662132, 0.15711913, 0.2084973, NaN, NaN, NaN, NaN, NaN, NaN, NaN, NaN, NaN, NaN, NaN, NaN, NaN)","(0.511033, 0.25168908, NaN, NaN, NaN, NaN, NaN, NaN, NaN, NaN, NaN, NaN, NaN, NaN, NaN, NaN)","(0.09606913, 0.18240044, NaN, NaN, NaN, NaN, NaN, NaN, NaN, NaN, NaN, NaN, NaN, NaN, NaN, NaN)","(5.437882, 2.5765228, 0.0, 0.0, 0.0, 0.0, 0.0, 0.0, 0.0, 0.0, 0.0, 0.0, 0.0, 0.0, 0.0, 0.0)","(0.2976541, 1.027956, NaN, NaN, NaN, NaN, NaN, NaN, NaN, NaN, NaN, NaN, NaN, NaN, NaN, NaN)","(0.37087885, NaN, NaN, NaN, NaN, NaN, NaN, NaN, NaN, NaN, NaN, NaN, NaN, NaN, NaN, NaN)","(0.2126939, NaN, NaN, NaN, NaN, NaN, NaN, NaN, NaN, NaN, NaN, NaN, NaN, NaN, NaN, NaN)","(5.8434134, 0.0, 0.0, 0.0, 0.0, 0.0, 0.0, 0.0, 0.0, 0.0, 0.0, 0.0, 0.0, 0.0, 0.0, 0.0)","(0.9457089, NaN, NaN, NaN, NaN, NaN, NaN, NaN, NaN, NaN, NaN, NaN, NaN, NaN, NaN, NaN)",,,,,RRab,0.96165925,0.5001395,210.10726839706425,0.26828688,14.552311488687591,0.20079742,-0.2966869956469073,0.30882254,1.2160803,-0.4077641453982644,0.34117553,-1.1456787510841986,0.2311751,19.519772,19.677176,19.073473,293.11488198913383,3.550422,183.88509246132435,16.374119,186.1095590902836,15.055518,0.013150793092596709,0.09667657535664036,0.08782878199539715,18.198988834,-0.20211563643623665,18.35838761243557,,,,,
32,3.7531665386648755e+17,1230772597210842624,,,0.4011550340765937,4.966113e-06,1704.9071023371916,7.023144e-06,1704.868052961363,2.8334323e-05,1705.0316067381425,4.822429e-05,,,19.440428,0.008922963,19.550089,0.062470786,19.076387,0.067453384,,,0.4827186,0.017944293,0.63703424,0.14457147,0.34580716,0.2687752,,,,,0.16237481,0.034229137,,,4.856423,0.33580786,,,42.0,34.0,32.0,,19.452103,19.571987,19.082464,2.0,1.0,1.0,,1706.0010521151185,1706.0013664152657,1706.0014555275875,,2.4928018223724124,3.0859726e-05,,,"(0.23060198, 0.03744395, NaN, NaN, NaN, NaN, NaN, NaN, NaN, NaN, NaN, NaN, NaN, NaN, NaN, NaN)","(0.007952829, 0.008515633, NaN, NaN, NaN, NaN, NaN, NaN, NaN, NaN, NaN, NaN, NaN, NaN, NaN, NaN)","(1.1295348, 0.8323074, 0.0, 0.0, 0.0, 0.0, 0.0, 0.0, 0.0, 0.0, 0.0, 0.0, 0.0, 0.0, 0.0, 0.0)","(0.146746, 0.51555634, NaN, NaN, NaN, NaN, NaN, NaN, NaN, NaN, NaN, NaN, NaN, NaN, NaN, NaN)","(0.31851804, NaN, NaN, NaN, NaN, NaN, NaN, NaN, NaN, NaN, NaN, NaN, NaN, NaN, NaN, NaN)","(0.077064455, NaN, NaN, NaN, NaN, NaN, NaN, NaN, NaN, NaN, NaN, NaN, NaN, NaN, NaN, NaN)","(2.0396361, 0.0, 0.0, 0.0, 0.0, 0.0, 0.0, 0.0, 0.0, 0.0, 0.0, 0.0, 0.0, 0.0, 0.0, 0.0)","(0.6905991, NaN, NaN, NaN, NaN, NaN, NaN, NaN, NaN, NaN, NaN, NaN, NaN, NaN, NaN, NaN)","(0.17290364, NaN, NaN, NaN, NaN, NaN, NaN, NaN, NaN, NaN, NaN, NaN, NaN, NaN, NaN, NaN)","(0.10423559, NaN, NaN, NaN, NaN, NaN, NaN, NaN, NaN, NaN, NaN, NaN, NaN, NaN, NaN, NaN)","(5.768811, 0.0, 0.0, 0.0, 0.0, 0.0, 0.0, 0.0, 0.0, 0.0, 0.0, 0.0, 0.0, 0.0, 0.0, 0.0)","(0.59665316, NaN, NaN, NaN, NaN, NaN, NaN, NaN, NaN, NaN, NaN, NaN, NaN, NaN, NaN, NaN)",,,,,RRc,,,209.95568368226867,0.2388245,14.168160357021836,0.22555915,-0.3756761527510269,0.30236346,1.2823229,0.1171438247124105,0.32454616,-1.2769609471443868,0.2810442,19.431587,19.669157,19.156069,317.9156493006258,2.557625,185.24815507344897,11.376139,172.476665906212,8.7668915,0.008734434648337189,0.0666731288492613,0.055185517713600404,18.454272864,-0.269687753485247,18.526642183887606,,,,,
33,3.7531665386648755e+17,1230848326073809280,,,0.3948120605289141,1.6888276e-05,1842.2843746966053,2.388363e-05,1705.283307473274,4.1150906e-05,1705.376298669456,0.00011964224,,,19.549143,0.019049793,19.699697,0.042396117,19.119995,0.0722297,,,0.34833518,0.043755356,0.4499334,0.12339116,0.45190445,0.2404231,,,,,,,,,,,,,38.0,37.0,36.0,,19.555265,19.710642,19.13056,1.0,1.0,1.0,,1843.2196844679984,1706.251783899378,1706.2518715319015,,2.5328506901748127,0.000108343906,,,"(0.17416835, NaN, NaN, NaN, NaN, NaN, NaN, NaN, NaN, NaN, NaN, NaN, NaN, NaN, NaN, NaN)","(0.019789308, NaN, NaN, NaN, NaN, NaN, NaN, NaN, NaN, NaN, NaN, NaN, NaN, NaN, NaN, NaN)","(5.4630346, 0.0, 0.0, 0.0, 0.0, 0.0, 0.0, 0.0, 0.0, 0.0, 0.0, 0.0, 0.0, 0.0, 0.0, 0.0)","(0.33973542, NaN, NaN, NaN, NaN, NaN, NaN, NaN, NaN, NaN, NaN, NaN, NaN, NaN, NaN, NaN)","(0.22496691, NaN, NaN, NaN, NaN, NaN, NaN, NaN, NaN, NaN, NaN, NaN, NaN, NaN, NaN, NaN)","(0.08242779, NaN, NaN, NaN, NaN, NaN, NaN, NaN, NaN, NaN, NaN, NaN, NaN, NaN, NaN, NaN)","(5.9892187, 0.0, 0.0, 0.0, 0.0, 0.0, 0.0, 0.0, 0.0, 0.0, 0.0, 0.0, 0.0, 0.0, 0.0, 0.0)","(0.7376594, NaN, NaN, NaN, NaN, NaN, NaN, NaN, NaN, NaN, NaN, NaN, NaN, NaN, NaN, NaN)","(0.22595224, NaN, NaN, NaN, NaN, NaN, NaN, NaN, NaN, NaN, NaN, NaN, NaN, NaN, NaN, NaN)","(0.0829483, NaN, NaN, NaN, NaN, NaN, NaN, NaN, NaN, NaN, NaN, NaN, NaN, NaN, NaN, NaN)","(4.5108576, 0.0, 0.0, 0.0, 0.0, 0.0, 0.0, 0.0, 0.0, 0.0, 0.0, 0.0, 0.0, 0.0, 0.0, 0.0)","(2.854273, NaN, NaN, NaN, NaN, NaN, NaN, NaN, NaN, NaN, NaN, NaN, NaN, NaN, NaN, NaN)",,,,,RRc,,,209.9833093427048,0.31490216,14.581934531483856,0.2519257,-0.4454357127259963,0.34881574,2.0701134,-0.7240978586376299,0.45282736,-1.939343054175056,0.34103242,19.579023,19.791468,19.25257,277.54749603005166,2.2853622,165.5120835005386,7.473495,157.8086379018611,8.540136,0.008939795083834388,0.04902345103687608,0.05875486778465283,18.513381044000003,-0.27660958918083506,18.543877554769622,,,,,
34,3.7531665386648755e+17,1231064517547444736,,,0.3708261134847571,6.038625e-06,1705.1272526715177,8.539905e-06,1705.1479973067233,3.260497e-05,1705.1235692067148,3.2909633e-05,,,19.470171,0.009361259,19.521439,0.042611845,19.10035,0.051238485,,,0.57936084,0.018776875,0.48790628,0.16551057,0.43341786,0.19129659,,,,,0.21803673,0.07063259,,,4.725189,0.29962692,,,40.0,35.0,36.0,,19.486504,19.534185,19.110342,2.0,1.0,1.0,,1706.0016606471145,1706.001975003164,1706.0020638708247,,2.696681715866014,4.391344e-05,,,"(0.2682584, 0.058490183, NaN, NaN, NaN, NaN, NaN, NaN, NaN, NaN, NaN, NaN, NaN, NaN, NaN, NaN)","(0.0118208295, 0.017916724, NaN, NaN, NaN, NaN, NaN, NaN, NaN, NaN, NaN, NaN, NaN, NaN, NaN, NaN)","(5.0472016, 2.2532222, 0.0, 0.0, 0.0, 0.0, 0.0, 0.0, 0.0, 0.0, 0.0, 0.0, 0.0, 0.0, 0.0, 0.0)","(0.16206498, 0.39558622, NaN, NaN, NaN, NaN, NaN, NaN, NaN, NaN, NaN, NaN, NaN, NaN, NaN, NaN)","(0.24395421, NaN, NaN, NaN, NaN, NaN, NaN, NaN, NaN, NaN, NaN, NaN, NaN, NaN, NaN, NaN)","(0.055586774, NaN, NaN, NaN, NaN, NaN, NaN, NaN, NaN, NaN, NaN, NaN, NaN, NaN, NaN, NaN)","(5.0424395, 0.0, 0.0, 0.0, 0.0, 0.0, 0.0, 0.0, 0.0, 0.0, 0.0, 0.0, 0.0, 0.0, 0.0, 0.0)","(0.5925189, NaN, NaN, NaN, NaN, NaN, NaN, NaN, NaN, NaN, NaN, NaN, NaN, NaN, NaN, NaN)","(0.21670991, NaN, NaN, NaN, NaN, NaN, NaN, NaN, NaN, NaN, NaN, NaN, NaN, NaN, NaN, NaN)","(0.080739185, NaN, NaN, NaN, NaN, NaN, NaN, NaN, NaN, NaN, NaN, NaN, NaN, NaN, NaN, NaN)","(5.463094, 0.0, 0.0, 0.0, 0.0, 0.0, 0.0, 0.0, 0.0, 0.0, 0.0, 0.0, 0.0, 0.0, 0.0, 0.0)","(0.37507376, NaN, NaN, NaN, NaN, NaN, NaN, NaN, NaN, NaN, NaN, NaN, NaN, NaN, NaN, NaN)",,,,,RRc,,,209.61267919426135,0.29303735,15.014162012566464,0.21900126,-0.5623376597742895,0.35693392,1.0300221,-0.4524873012990801,0.40213722,-0.9253112725927484,0.27506068,19.515558,19.661325,19.208447,294.25494658186363,3.486638,186.58926204849772,11.04338,164.3538686612844,8.156899,0.012864500395227393,0.06425770451294058,0.05388339998586312,18.599739483999997,-0.30382969053883857,18.61165560715105,,,,,
36,3.7531665386648755e+17,1231067163247260160,,,0.2972707133400754,3.5442501e-06,1705.5643502976377,5.0123267e-06,1814.0303810426267,0.00013146167,1705.5169851478297,0.00010383412,,,19.508017,0.0043355334,19.56562,0.040885508,19.181013,0.064383194,,,0.21239921,0.015699325,0.24262731,0.13235149,0.26655686,0.11965481,,,,,0.15712103,0.051250026,,,4.577947,0.40341586,,,38.0,31.0,32.0,,19.5094,19.568068,19.184069,2.0,1.0,1.0,,1706.25164018688,1814.729702585936,1706.3260731436378,,3.363937162743669,4.0106996e-05,,,"(0.10172315, 0.015982846, NaN, NaN, NaN, NaN, NaN, NaN, NaN, NaN, NaN, NaN, NaN, NaN, NaN, NaN)","(0.0053339596, 0.009750393, NaN, NaN, NaN, NaN, NaN, NaN, NaN, NaN, NaN, NaN, NaN, NaN, NaN, NaN)","(4.8485684, 1.7087139, 0.0, 0.0, 0.0, 0.0, 0.0, 0.0, 0.0, 0.0, 0.0, 0.0, 0.0, 0.0, 0.0, 0.0)","(0.16858976, 0.9137758, NaN, NaN, NaN, NaN, NaN, NaN, NaN, NaN, NaN, NaN, NaN, NaN, NaN, NaN)","(0.12131373, NaN, NaN, NaN, NaN, NaN, NaN, NaN, NaN, NaN, NaN, NaN, NaN, NaN, NaN, NaN)","(0.046736225, NaN, NaN, NaN, NaN, NaN, NaN, NaN, NaN, NaN, NaN, NaN, NaN, NaN, NaN, NaN)","(5.3669496, 0.0, 0.0, 0.0, 0.0, 0.0, 0.0, 0.0, 0.0, 0.0, 0.0, 0.0, 0.0, 0.0, 0.0, 0.0)","(2.1946745, NaN, NaN, NaN, NaN, NaN, NaN, NaN, NaN, NaN, NaN, NaN, NaN, NaN, NaN, NaN)","(0.13327889, NaN, NaN, NaN, NaN, NaN, NaN, NaN, NaN, NaN, NaN, NaN, NaN, NaN, NaN, NaN)","(0.050774228, NaN, NaN, NaN, NaN, NaN, NaN, NaN, NaN, NaN, NaN, NaN, NaN, NaN, NaN, NaN)","(1.3912183, 0.0, 0.0, 0.0, 0.0, 0.0, 0.0, 0.0, 0.0, 0.0, 0.0, 0.0, 0.0, 0.0, 0.0, 0.0)","(1.9610856, NaN, NaN, NaN, NaN, NaN, NaN, NaN, NaN, NaN, NaN, NaN, NaN, NaN, NaN, NaN)",,,,,RRc,,,209.82684631668263,0.27476895,14.848283326474832,0.24716297,-0.0005670942802783116,0.34187016,1.0355624,-0.145023681704233,0.3688768,-1.0253573655248278,0.3129159,19.521816,19.60377,19.277027,292.5637050549676,1.4737654,196.74762766817696,6.789733,154.2933655396646,6.5940313,0.005469123705824601,0.03746735452654368,0.0463995309025104,18.880016954,-0.39984787472142647,18.850740885765696,,,,,
40,3.7531665386648755e+17,1230860695583613824,,,0.3892108083612792,3.1781021e-06,1705.4096187163675,4.494515e-06,1705.3654539326012,3.8184655e-05,1705.3394379747429,3.938735e-05,,,19.511747,0.004592797,19.650307,0.034414303,19.059624,0.041857924,,,0.40851936,0.0146640595,0.33365053,0.10824401,0.39329055,0.13191694,,,,,0.103695326,0.020309603,,,4.5654836,0.36308786,,,42.0,34.0,36.0,,19.519764,19.655684,19.067646,2.0,1.0,1.0,,1706.2514816948533,1706.251796176083,1706.2518845020288,,2.5693017216309286,2.0979642e-05,,,"(0.20023376, 0.020763304, NaN, NaN, NaN, NaN, NaN, NaN, NaN, NaN, NaN, NaN, NaN, NaN, NaN, NaN)","(0.006439512, 0.0047495347, NaN, NaN, NaN, NaN, NaN, NaN, NaN, NaN, NaN, NaN, NaN, NaN, NaN, NaN)","(3.9811077, 6.244514, 0.0, 0.0, 0.0, 0.0, 0.0, 0.0, 0.0, 0.0, 0.0, 0.0, 0.0, 0.0, 0.0, 0.0)","(0.07381587, 0.27001736, NaN, NaN, NaN, NaN, NaN, NaN, NaN, NaN, NaN, NaN, NaN, NaN, NaN, NaN)","(0.16682546, NaN, NaN, NaN, NaN, NaN, NaN, NaN, NaN, NaN, NaN, NaN, NaN, NaN, NaN, NaN)","(0.047831416, NaN, NaN, NaN, NaN, NaN, NaN, NaN, NaN, NaN, NaN, NaN, NaN, NaN, NaN, NaN)","(4.883558, 0.0, 0.0, 0.0, 0.0, 0.0, 0.0, 0.0, 0.0, 0.0, 0.0, 0.0, 0.0, 0.0, 0.0, 0.0)","(0.72792464, NaN, NaN, NaN, NaN, NaN, NaN, NaN, NaN, NaN, NaN, NaN, NaN, NaN, NaN, NaN)","(0.19664568, NaN, NaN, NaN, NaN, NaN, NaN, NaN, NaN, NaN, NaN, NaN, NaN, NaN, NaN, NaN)","(0.053510282, NaN, NaN, NaN, NaN, NaN, NaN, NaN, NaN, NaN, NaN, NaN, NaN, NaN, NaN, NaN)","(5.3050346, 0.0, 0.0, 0.0, 0.0, 0.0, 0.0, 0.0, 0.0, 0.0, 0.0, 0.0, 0.0, 0.0, 0.0, 0.0)","(0.8910978, NaN, NaN, NaN, NaN, NaN, NaN, NaN, NaN, NaN, NaN, NaN, NaN, NaN, NaN, NaN)",,,,,RRc,,,210.08975883343203,0.27094206,14.624649602645087,0.20187743,-0.24956414839962,0.3242154,1.2361965,-0.5035584770913563,0.3449355,-1.1289866299806302,0.24698187,19.522974,19.682428,19.119976,292.2516926481068,1.9860839,182.99768359696512,8.268535,178.30685857838571,6.6102567,0.007378199491991782,0.049056076957079475,0.040249465199539806,18.430714255999998,-0.2828151079039808,18.559329296390256,,,,,
45,3.7531665386648755e+17,1230859630427736832,,,0.3228784167579963,5.089825e-06,1705.5856819151102,7.1981e-06,1705.5488082504742,3.1655043e-05,1705.359715083767,2.918363e-05,,,19.482315,0.013513201,19.527012,0.047163017,19.15624,0.047862932,,,0.46347043,0.050761458,0.380854,0.21307802,0.7035015,0.29512143,,,,,0.31816557,0.1476223,,,5.4122577,0.47244018,,,38.0,35.0,33.0,,19.491459,19.534098,19.17406,2.0,1.0,2.0,,1706.251457210465,1706.2517716792638,1706.2518600613562,,3.0971410540256694,4.8823043e-05,,,"(0.20659052, 0.06572999, NaN, NaN, NaN, NaN, NaN, NaN, NaN, NaN, NaN, NaN, NaN, NaN, NaN, NaN)","(0.016277848, 0.036114838, NaN, NaN, NaN, NaN, NaN, NaN, NaN, NaN, NaN, NaN, NaN, NaN, NaN, NaN)","(2.936462, 5.0019965, 0.0, 0.0, 0.0, 0.0, 0.0, 0.0, 0.0, 0.0, 0.0, 0.0, 0.0, 0.0, 0.0, 0.0)","(0.20609532, 0.4512735, NaN, NaN, NaN, NaN, NaN, NaN, NaN, NaN, NaN, NaN, NaN, NaN, NaN, NaN)","(0.19042753, NaN, NaN, NaN, NaN, NaN, NaN, NaN, NaN, NaN, NaN, NaN, NaN, NaN, NaN, NaN)","(0.071382985, NaN, NaN, NaN, NaN, NaN, NaN, NaN, NaN, NaN, NaN, NaN, NaN, NaN, NaN, NaN)","(4.256059, 0.0, 0.0, 0.0, 0.0, 0.0, 0.0, 0.0, 0.0, 0.0, 0.0, 0.0, 0.0, 0.0, 0.0, 0.0)","(1.0845478, NaN, NaN, NaN, NaN, NaN, NaN, NaN, NaN, NaN, NaN, NaN, NaN, NaN, NaN, NaN)","(0.21505046, 0.19632982, NaN, NaN, NaN, NaN, NaN, NaN, NaN, NaN, NaN, NaN, NaN, NaN, NaN, NaN)","(0.07589521, 0.119746156, NaN, NaN, NaN, NaN, NaN, NaN, NaN, NaN, NaN, NaN, NaN, NaN, NaN, NaN)","(2.5683, 5.993035, 0.0, 0.0, 0.0, 0.0, 0.0, 0.0, 0.0, 0.0, 0.0, 0.0, 0.0, 0.0, 0.0, 0.0)","(0.7337612, 2.472934, NaN, NaN, NaN, NaN, NaN, NaN, NaN, NaN, NaN, NaN, NaN, NaN, NaN, NaN)",,,,,RRc,,,210.1118992830861,0.29310396,14.592510099158252,0.19794524,-0.094766381930145,0.34178963,0.9695031,-0.5818261217967542,0.35121742,-0.7755093094593308,0.25171244,19.45985,19.582113,19.261148,309.74681978605923,2.6764622,200.7111515237181,9.060572,156.5666066211875,7.7755513,0.00938132314819906,0.049011043709933345,0.05391900756229069,18.865420269999998,-0.3639609850112941,18.761382530387465,,,,,
57,3.7531665386648755e+17,3728695065116355456,,,0.3876495933111538,2.4095962e-06,1704.1789809238694,3.4076836e-06,1704.1994925575689,2.3554037e-05,1704.2274632212725,1.667547e-05,,,19.37415,0.011330824,19.486076,0.04540914,19.039494,0.059456684,,,0.45862025,0.02106955,0.6836904,0.11723897,0.756778,0.10905966,,,,,0.122599415,0.039957594,,,4.8435063,0.42063683,,,31.0,30.0,29.0,,19.384748,19.511942,19.071617,2.0,1.0,1.0,,1705.2504443997814,1705.2507587557675,1705.2508476311325,,2.579649294762273,1.6034875e-05,,,"(0.22311874, 0.027354227, NaN, NaN, NaN, NaN, NaN, NaN, NaN, NaN, NaN, NaN, NaN, NaN, NaN, NaN)","(0.011204675, 0.011623317, NaN, NaN, NaN, NaN, NaN, NaN, NaN, NaN, NaN, NaN, NaN, NaN, NaN, NaN)","(1.4233435, 1.4070078, 0.0, 0.0, 0.0, 0.0, 0.0, 0.0, 0.0, 0.0, 0.0, 0.0, 0.0, 0.0, 0.0, 0.0)","(0.06048505, 0.5028591, NaN, NaN, NaN, NaN, NaN, NaN, NaN, NaN, NaN, NaN, NaN, NaN, NaN, NaN)","(0.34184548, NaN, NaN, NaN, NaN, NaN, NaN, NaN, NaN, NaN, NaN, NaN, NaN, NaN, NaN, NaN)","(0.065704115, NaN, NaN, NaN, NaN, NaN, NaN, NaN, NaN, NaN, NaN, NaN, NaN, NaN, NaN, NaN)","(1.3307694, 0.0, 0.0, 0.0, 0.0, 0.0, 0.0, 0.0, 0.0, 0.0, 0.0, 0.0, 0.0, 0.0, 0.0, 0.0)","(0.36977878, NaN, NaN, NaN, NaN, NaN, NaN, NaN, NaN, NaN, NaN, NaN, NaN, NaN, NaN, NaN)","(0.37839, NaN, NaN, NaN, NaN, NaN, NaN, NaN, NaN, NaN, NaN, NaN, NaN, NaN, NaN, NaN)","(0.06452752, NaN, NaN, NaN, NaN, NaN, NaN, NaN, NaN, NaN, NaN, NaN, NaN, NaN, NaN, NaN)","(0.877319, 0.0, 0.0, 0.0, 0.0, 0.0, 0.0, 0.0, 0.0, 0.0, 0.0, 0.0, 0.0, 0.0, 0.0, 0.0)","(0.45566097, NaN, NaN, NaN, NaN, NaN, NaN, NaN, NaN, NaN, NaN, NaN, NaN, NaN, NaN, NaN)",,,,,RRc,,,208.74469574155304,0.2748642,13.688264920229802,0.22586113,-0.5172722360977328,0.35642788,0.8477305,-0.6619957646319569,0.34426045,-0.5295362390291428,0.27479646,19.421465,19.623495,19.161245,320.8936683815608,2.9362166,193.20534433617104,11.7055,171.6563486599357,8.4699745,0.009934288758946358,0.06577800108824806,0.05357128580701481,18.485705500000005,-0.2845606673189144,18.56367573933344,,,,,
59,3.7531665386648755e+17,1230836437604328704,,,0.3860037579005898,2.518934e-06,1705.1289778180244,3.5623104e-06,1705.1105496693756,7.094718e-05,1705.343975305946,0.00013335342,,,19.47492,0.006647704,19.551794,0.049350645,18.7692,0.20042713,,,0.41769117,0.020842237,0.3356908,0.19191015,0.97454906,0.6453896,,,-2.2415128,0.27373758,0.16810611,0.040164523,0.13974854,0.03355433,5.0890226,0.25737506,3.210806,0.322525,41.0,41.0,39.0,,19.483885,19.55685,18.804232,3.0,1.0,2.0,,1706.2514767459993,1706.251770215482,1706.2518581469817,,2.5906483538886604,1.6905722e-05,,,"(0.20727888, 0.034844846, 0.028966922, NaN, NaN, NaN, NaN, NaN, NaN, NaN, NaN, NaN, NaN, NaN, NaN, NaN)","(0.008103914, 0.009005811, 0.008217586, NaN, NaN, NaN, NaN, NaN, NaN, NaN, NaN, NaN, NaN, NaN, NaN, NaN)","(1.9172896, 2.6404166, 2.6794894, 0.0, 0.0, 0.0, 0.0, 0.0, 0.0, 0.0, 0.0, 0.0, 0.0, 0.0, 0.0, 0.0)","(0.097310916, 0.2583807, 0.3210239, NaN, NaN, NaN, NaN, NaN, NaN, NaN, NaN, NaN, NaN, NaN, NaN, NaN)","(0.1678456, NaN, NaN, NaN, NaN, NaN, NaN, NaN, NaN, NaN, NaN, NaN, NaN, NaN, NaN, NaN)","(0.07002265, NaN, NaN, NaN, NaN, NaN, NaN, NaN, NaN, NaN, NaN, NaN, NaN, NaN, NaN, NaN)","(2.866715, 0.0, 0.0, 0.0, 0.0, 0.0, 0.0, 0.0, 0.0, 0.0, 0.0, 0.0, 0.0, 0.0, 0.0, 0.0)","(0.77434015, NaN, NaN, NaN, NaN, NaN, NaN, NaN, NaN, NaN, NaN, NaN, NaN, NaN, NaN, NaN)","(0.23969483, 0.31036383, NaN, NaN, NaN, NaN, NaN, NaN, NaN, NaN, NaN, NaN, NaN, NaN, NaN, NaN)","(0.15699312, 0.32422656, NaN, NaN, NaN, NaN, NaN, NaN, NaN, NaN, NaN, NaN, NaN, NaN, NaN, NaN)","(4.844348, 1.4669132, 0.0, 0.0, 0.0, 0.0, 0.0, 0.0, 0.0, 0.0, 0.0, 0.0, 0.0, 0.0, 0.0, 0.0)","(5.0517335, 1.3634167, NaN, NaN, NaN, NaN, NaN, NaN, NaN, NaN, NaN, NaN, NaN, NaN, NaN, NaN)",,,,,RRc,,,210.03704424037824,0.27418426,14.573360764567669,0.21963036,0.1756116021614477,0.3268785,1.2674338,-0.988793544641005,0.3643531,-0.7928907449592066,0.28143,19.5219,19.639101,19.093287,292.5411969318818,2.1897984,190.44818751985136,8.465903,182.7441063666953,8.437153,0.008126937839232238,0.04826210743613368,0.05012592304191229,18.425865492,-0.2864084672776093,18.56827676123059,,,,,
60,3.7531665386648755e+17,1230829771815569536,0.8454381956787892,2.1033653e-05,,,1703.7386730743617,2.9746077e-05,1703.884557821351,0.0002642577,1703.7531753002145,0.0001794462,,,19.34195,0.0058646556,19.524998,0.05709416,18.908464,0.043470476,,,0.4084769,0.022976473,0.386588,0.19524574,0.53019696,0.16003038,,,,,0.3390488,0.052233204,0.16897747,0.04698988,4.7867846,0.18553111,3.5095248,0.29340002,37.0,30.0,30.0,,19.348278,19.532393,18.919136,3.0,1.0,2.0,,1706.251315391919,1706.2516581308273,1706.2517457596514,,1.1828185727959872,2.942734e-05,,,"(0.17264196, 0.058534052, 0.029172601, NaN, NaN, NaN, NaN, NaN, NaN, NaN, NaN, NaN, NaN, NaN, NaN, NaN)","(0.008065678, 0.00844685, 0.008708354, NaN, NaN, NaN, NaN, NaN, NaN, NaN, NaN, NaN, NaN, NaN, NaN, NaN)","(2.2548573, 3.013314, 3.9909115, 0.0, 0.0, 0.0, 0.0, 0.0, 0.0, 0.0, 0.0, 0.0, 0.0, 0.0, 0.0, 0.0)","(0.14882655, 0.26716036, 0.44822404, NaN, NaN, NaN, NaN, NaN, NaN, NaN, NaN, NaN, NaN, NaN, NaN, NaN)","(0.19329475, NaN, NaN, NaN, NaN, NaN, NaN, NaN, NaN, NaN, NaN, NaN, NaN, NaN, NaN, NaN)","(0.056645732, NaN, NaN, NaN, NaN, NaN, NaN, NaN, NaN, NaN, NaN, NaN, NaN, NaN, NaN, NaN)","(1.8877378, 0.0, 0.0, 0.0, 0.0, 0.0, 0.0, 0.0, 0.0, 0.0, 0.0, 0.0, 0.0, 0.0, 0.0, 0.0)","(0.65346646, NaN, NaN, NaN, NaN, NaN, NaN, NaN, NaN, NaN, NaN, NaN, NaN, NaN, NaN, NaN)","(0.11754465, 0.19678584, NaN, NaN, NaN, NaN, NaN, NaN, NaN, NaN, NaN, NaN, NaN, NaN, NaN, NaN)","(0.059992906, 0.06565829, NaN, NaN, NaN, NaN, NaN, NaN, NaN, NaN, NaN, NaN, NaN, NaN, NaN, NaN)","(2.9417224, 2.5553362, 0.0, 0.0, 0.0, 0.0, 0.0, 0.0, 0.0, 0.0, 0.0, 0.0, 0.0, 0.0, 0.0, 0.0)","(0.84344864, 0.7142795, NaN, NaN, NaN, NaN, NaN, NaN, NaN, NaN, NaN, NaN, NaN, NaN, NaN, NaN)",,,,,RRab,0.059885655,0.16581067,210.0461798535867,0.29716083,14.405436417703635,0.23618597,-0.1707694760574624,0.33688295,1.0758202,-0.7332926082279474,0.38188413,-0.7871919379282786,0.28614601,19.368162,19.61473,18.976152,337.0401622986548,2.5254931,194.77123964790124,8.542597,203.56216682329705,9.030183,0.00813531491312406,0.047618414195372924,0.04816253352033957,18.114603083999995,-0.07291813526520885,18.036685834519712,,,,,
15,,1230713292302089728,,,,,,,,,,,,,,,,,,,,,,,,,,,,,,,,,,,,,,,,,,,,,,,,,,,,,,,,,,,,,,,,,,,,,,,,,,,,,209.15700393001728,0.26204222,14.105635256928188,0.19143817,0.1938830048486248,0.3080274,1.0004452,-0.0628345832797082,0.33297843,-0.9984700665908902,0.23597336,19.432009,19.450974,19.118607,317.79202535309514,3.1168191,226.478699653213,12.521769,178.531857771866,7.574381,0.010648254918008571,0.06002721061237396,0.04606183767049729,18.793199626000003,-0.42481215507233894,18.912901943839465,left_only,,,,
63,,1230819704412148224,,,,,,,,,,,,,,,,,,,,,,,,,,,,,,,,,,,,,,,,,,,,,,,,,,,,,,,,,,,,,,,,,,,,,,,,,,,,,209.872323335415,0.29294366,14.17873463692056,0.27962095,0.4445308158946637,0.4296602,1.4472142,-0.2707502590307413,0.3709222,-1.421662210433619,0.35153455,19.502192,19.622934,19.363667,297.89959234783794,2.1096697,193.30509764697376,10.179342,142.45944313935513,7.9193087,0.007688726175279789,0.05717237539996669,0.06035397349671911,19.003880826,-0.5194756633305687,19.14861407940246,left_only,,,,
0,3.7531665386648755e+17,1243152071642576896,0.6269102127966238,1.2202263e-05,,,1703.8886420206177,1.7256605e-05,1703.673809413591,0.00023992517,1703.9711936374945,9.565514e-05,,,19.265953,0.017226245,19.209099,0.13582966,18.884232,0.046091154,,,0.5819405,0.042930614,1.0767885,0.34769472,0.33061793,0.14924476,,,-1.8456849,0.9455876,0.2760822,0.06544582,0.2762214,0.0857666,4.3159914,0.22720802,2.008485,0.38170475,39.0,33.0,31.0,,19.282726,19.272802,18.889727,3.0,1.0,1.0,,1705.501681998143,1705.5019963552645,1705.5020852295563,,1.5951247556472816,3.104772e-05,,,"(0.25428006, 0.070202194, 0.070237584, NaN, NaN, NaN, NaN, NaN, NaN, NaN, NaN, NaN, NaN, NaN, NaN, NaN)","(0.013569401, 0.018418614, 0.025518259, NaN, NaN, NaN, NaN, NaN, NaN, NaN, NaN, NaN, NaN, NaN, NaN, NaN)","(6.2401495, 4.2299194, 1.879377, 0.0, 0.0, 0.0, 0.0, 0.0, 0.0, 0.0, 0.0, 0.0, 0.0, 0.0, 0.0, 0.0)","(0.23088597, 0.5918494, 0.34223083, NaN, NaN, NaN, NaN, NaN, NaN, NaN, NaN, NaN, NaN, NaN, NaN, NaN)","(0.53839433, NaN, NaN, NaN, NaN, NaN, NaN, NaN, NaN, NaN, NaN, NaN, NaN, NaN, NaN, NaN)","(0.17018369, NaN, NaN, NaN, NaN, NaN, NaN, NaN, NaN, NaN, NaN, NaN, NaN, NaN, NaN, NaN)","(2.6070116, 0.0, 0.0, 0.0, 0.0, 0.0, 0.0, 0.0, 0.0, 0.0, 0.0, 0.0, 0.0, 0.0, 0.0, 0.0)","(1.4894972, NaN, NaN, NaN, NaN, NaN, NaN, NaN, NaN, NaN, NaN, NaN, NaN, NaN, NaN, NaN)","(0.16530924, NaN, NaN, NaN, NaN, NaN, NaN, NaN, NaN, NaN, NaN, NaN, NaN, NaN, NaN, NaN)","(0.055678714, NaN, NaN, NaN, NaN, NaN, NaN, NaN, NaN, NaN, NaN, NaN, NaN, NaN, NaN, NaN)","(5.9205756, 0.0, 0.0, 0.0, 0.0, 0.0, 0.0, 0.0, 0.0, 0.0, 0.0, 0.0, 0.0, 0.0, 0.0, 0.0)","(0.6131866, NaN, NaN, NaN, NaN, NaN, NaN, NaN, NaN, NaN, NaN, NaN, NaN, NaN, NaN, NaN)",,,,,RRab,0.01356702,0.17103592,208.67327366868355,0.30036932,15.30334141768348,0.19416979,-0.2406792730913321,0.36281684,1.4797503,-1.4792159394056883,0.3136715,-0.0397606140615505,0.22098885,19.307648,19.532967,18.98305,356.35918798578814,4.038066,210.00546425803628,19.233372,202.2730890737288,9.185595,0.012302554287936144,0.09943394594124672,0.04930364457856726,18.209012526,-0.20279465514893263,18.360078369030184,,-1.96,0.52,59.24,5.77
5,3.7531665386648755e+17,1230612927506112000,0.5387842639168353,2.1527403e-06,,,1704.5874458543062,3.0444344e-06,1704.5915216882509,7.144897e-05,1704.697830344108,7.343298e-05,,,19.099636,0.0075497692,19.207321,0.07844503,18.788425,0.040406473,,,0.8676242,0.04438048,0.3189241,0.2337508,0.38387275,0.104384445,,,-1.8925431,0.31136605,0.4234216,0.030376948,0.27262476,0.02649041,3.8899932,0.050453525,1.6697208,0.09489312,41.0,38.0,35.0,,19.134922,19.212166,18.795475,5.0,1.0,1.0,,1705.8244945242593,1705.8248019107282,1705.8248904648055,,1.85603045035175,7.415865e-06,,,"(0.34017953, 0.14403935, 0.09274137, 0.052248675, 0.025014393, NaN, NaN, NaN, NaN, NaN, NaN, NaN, NaN, NaN, NaN, NaN)","(0.008370748, 0.010173236, 0.010857994, 0.011429181, 0.009734298, NaN, NaN, NaN, NaN, NaN, NaN, NaN, NaN, NaN, NaN, NaN)","(4.497004, 0.31763014, 2.5943618, 4.87586, 0.6176243, 0.0, 0.0, 0.0, 0.0, 0.0, 0.0, 0.0, 0.0, 0.0, 0.0, 0.0)","(0.038702533, 0.07380591, 0.14145122, 0.20098758, 0.5994545, NaN, NaN, NaN, NaN, NaN, NaN, NaN, NaN, NaN, NaN, NaN)","(0.1594627, NaN, NaN, NaN, NaN, NaN, NaN, NaN, NaN, NaN, NaN, NaN, NaN, NaN, NaN, NaN)","(0.12319345, NaN, NaN, NaN, NaN, NaN, NaN, NaN, NaN, NaN, NaN, NaN, NaN, NaN, NaN, NaN)","(4.960272, 0.0, 0.0, 0.0, 0.0, 0.0, 0.0, 0.0, 0.0, 0.0, 0.0, 0.0, 0.0, 0.0, 0.0, 0.0)","(0.44690186, NaN, NaN, NaN, NaN, NaN, NaN, NaN, NaN, NaN, NaN, NaN, NaN, NaN, NaN, NaN)","(0.19193682, NaN, NaN, NaN, NaN, NaN, NaN, NaN, NaN, NaN, NaN, NaN, NaN, NaN, NaN, NaN)","(0.04298851, NaN, NaN, NaN, NaN, NaN, NaN, NaN, NaN, NaN, NaN, NaN, NaN, NaN, NaN, NaN)","(3.7218015, 0.0, 0.0, 0.0, 0.0, 0.0, 0.0, 0.0, 0.0, 0.0, 0.0, 0.0, 0.0, 0.0, 0.0, 0.0)","(0.7271411, NaN, NaN, NaN, NaN, NaN, NaN, NaN, NaN, NaN, NaN, NaN, NaN, NaN, NaN, NaN)",,,,,RRab,-0.118622795,0.14439319,209.60974968305416,0.2363035,13.465567313444408,0.18218724,0.7707125215094606,0.2729444,1.0698102,-0.9929471981020874,0.31707188,-0.3981828071488635,0.21327722,19.257156,19.435377,18.88812,373.3226776612766,3.83106,229.75562404590235,13.222163,220.7546834019855,8.44897,0.01114151936350862,0.06248074417639495,0.04155312398195533,18.047808046000004,-0.26858509705054556,18.523896569365203,,-1.79,0.39,50.5,4.6
6,3.7531665386648755e+17,1230741020611316224,0.6616777009186723,1.1157492e-05,,,1704.4196979440217,1.5779076e-05,1704.404015543755,2.9575403e-05,1703.8843334270807,8.8309316e-05,,,19.444881,0.009918545,19.587103,0.04424486,19.015526,0.029488716,,,0.86730343,0.03931682,0.7358266,0.13489985,0.3246556,0.114477426,,,-2.1184785,0.48696125,0.4964938,0.052280255,0.36930826,0.051720407,3.9842052,0.08283696,2.0043585,0.16324474,42.0,40.0,39.0,,19.470972,19.608051,19.020365,4.0,2.0,1.0,,1705.75099347827,1705.751314781221,1705.751404006739,,1.5113098093098825,2.5484353e-05,,,"(0.28710324, 0.14254497, 0.10602959, 0.066685386, NaN, NaN, NaN, NaN, NaN, NaN, NaN, NaN, NaN, NaN, NaN, NaN)","(0.013238983, 0.0133048585, 0.013162458, 0.010155696, NaN, NaN, NaN, NaN, NaN, NaN, NaN, NaN, NaN, NaN, NaN, NaN)","(2.5960903, 2.8932006, 3.5094442, 4.455594, 0.0, 0.0, 0.0, 0.0, 0.0, 0.0, 0.0, 0.0, 0.0, 0.0, 0.0, 0.0)","(0.12662826, 0.29924607, 0.48365274, 0.5407089, NaN, NaN, NaN, NaN, NaN, NaN, NaN, NaN, NaN, NaN, NaN, NaN)","(0.18777621, 0.24715964, NaN, NaN, NaN, NaN, NaN, NaN, NaN, NaN, NaN, NaN, NaN, NaN, NaN, NaN)","(0.048456706, 0.059898898, NaN, NaN, NaN, NaN, NaN, NaN, NaN, NaN, NaN, NaN, NaN, NaN, NaN, NaN)","(3.181997, 3.6661787, 0.0, 0.0, 0.0, 0.0, 0.0, 0.0, 0.0, 0.0, 0.0, 0.0, 0.0, 0.0, 0.0, 0.0)","(0.45331404, 0.27926725, NaN, NaN, NaN, NaN, NaN, NaN, NaN, NaN, NaN, NaN, NaN, NaN, NaN, NaN)","(0.16232784, NaN, NaN, NaN, NaN, NaN, NaN, NaN, NaN, NaN, NaN, NaN, NaN, NaN, NaN, NaN)","(0.06109498, NaN, NaN, NaN, NaN, NaN, NaN, NaN, NaN, NaN, NaN, NaN, NaN, NaN, NaN, NaN)","(2.0223973, 0.0, 0.0, 0.0, 0.0, 0.0, 0.0, 0.0, 0.0, 0.0, 0.0, 0.0, 0.0, 0.0, 0.0, 0.0)","(0.2964678, NaN, NaN, NaN, NaN, NaN, NaN, NaN, NaN, NaN, NaN, NaN, NaN, NaN, NaN, NaN)",,,,,RRab,0.20336406,0.12811063,209.51825341217423,0.27346447,14.22200153657399,0.19379114,-0.3363707439691397,0.33572954,0.7022412,-0.5013840911917193,0.28630075,-0.4916875331151832,0.23473115,19.442844,19.661688,19.081333,314.636307024649,4.316234,186.5269924963505,9.828683,184.7671511321001,7.234925,0.014893815968393254,0.057208884302944976,0.04251274116839125,18.329438689999996,-0.17935350119009932,18.30170989567269,,-2.16,0.43,65.06,5.88
8,3.7531665386648755e+17,1231507655093621632,0.7361941061645814,1.0853172e-05,,,1704.5688694520338,1.5348704e-05,1704.6458564649272,0.0001349266,1704.7403889334482,0.00037826286,,,19.473684,0.0073945005,19.626863,0.05784283,19.045967,0.056263648,,,0.48105115,0.018410236,0.47648484,0.29844972,0.27435848,0.20144726,,,-2.5010834,0.6379323,0.44874245,0.04417848,0.2856495,0.064003445,3.6775084,0.17292432,2.0635154,0.21450101,36.0,30.0,32.0,,19.482529,19.638508,19.049246,3.0,1.0,1.0,,1706.7524211709178,1706.7527358760683,1706.7528230531882,,1.3583374162145805,2.0024978e-05,,,"(0.18632765, 0.08361313, 0.053224403, NaN, NaN, NaN, NaN, NaN, NaN, NaN, NaN, NaN, NaN, NaN, NaN, NaN)","(0.0077039814, 0.0076949545, 0.012474488, NaN, NaN, NaN, NaN, NaN, NaN, NaN, NaN, NaN, NaN, NaN, NaN, NaN)","(2.52453, 2.443383, 3.3539202, 0.0, 0.0, 0.0, 0.0, 0.0, 0.0, 0.0, 0.0, 0.0, 0.0, 0.0, 0.0, 0.0)","(0.09407518, 0.1920522, 0.31061018, NaN, NaN, NaN, NaN, NaN, NaN, NaN, NaN, NaN, NaN, NaN, NaN, NaN)","(0.2382433, NaN, NaN, NaN, NaN, NaN, NaN, NaN, NaN, NaN, NaN, NaN, NaN, NaN, NaN, NaN)","(0.08712798, NaN, NaN, NaN, NaN, NaN, NaN, NaN, NaN, NaN, NaN, NaN, NaN, NaN, NaN, NaN)","(2.2772171, 0.0, 0.0, 0.0, 0.0, 0.0, 0.0, 0.0, 0.0, 0.0, 0.0, 0.0, 0.0, 0.0, 0.0, 0.0)","(0.5003014, NaN, NaN, NaN, NaN, NaN, NaN, NaN, NaN, NaN, NaN, NaN, NaN, NaN, NaN, NaN)","(0.13717948, NaN, NaN, NaN, NaN, NaN, NaN, NaN, NaN, NaN, NaN, NaN, NaN, NaN, NaN, NaN)","(0.057521794, NaN, NaN, NaN, NaN, NaN, NaN, NaN, NaN, NaN, NaN, NaN, NaN, NaN, NaN, NaN)","(1.4721118, 0.0, 0.0, 0.0, 0.0, 0.0, 0.0, 0.0, 0.0, 0.0, 0.0, 0.0, 0.0, 0.0, 0.0, 0.0)","(1.807551, NaN, NaN, NaN, NaN, NaN, NaN, NaN, NaN, NaN, NaN, NaN, NaN, NaN, NaN, NaN)",,,,,RRab,0.09831185,0.22061653,210.41828277133388,0.29577723,15.679673377117842,0.2262818,0.0271294400410612,0.36244747,1.3719398,-1.3200223443073933,0.36177546,-0.3738446336297038,0.29497644,19.534582,19.707743,19.208843,289.14402042267733,2.5912282,178.7803802798558,11.458717,164.2936606565141,8.833284,0.009729741091057181,0.06958665725750092,0.058372894002588854,18.5147982,-0.1330076637576564,18.186308760465906,,-2.52,0.46,76.31,7.81
12,3.7531665386648755e+17,3728687334175665920,0.6410967538676762,3.784096e-06,,,1703.467472893581,5.3515196e-06,1703.467071187339,4.6209352e-05,1703.468907568049,6.359474e-05,,,19.168106,0.0063624936,19.384949,0.01798104,18.733006,0.02439979,,,0.4619236,0.018912707,0.6845572,0.054255113,0.4249624,0.060344562,,,-1.2516001,0.56910664,0.44235262,0.0750515,0.32903528,0.06161579,4.044244,0.12738058,2.3167481,0.2616114,37.0,36.0,34.0,,19.176277,19.410593,18.742235,3.0,1.0,1.0,,1705.250362966087,1705.2507057428686,1705.2507931691089,,1.5598269589841072,9.206933e-06,,,"(0.17066075, 0.075492226, 0.056153405, NaN, NaN, NaN, NaN, NaN, NaN, NaN, NaN, NaN, NaN, NaN, NaN, NaN)","(0.010678665, 0.010216304, 0.009121608, NaN, NaN, NaN, NaN, NaN, NaN, NaN, NaN, NaN, NaN, NaN, NaN, NaN)","(1.232727, 0.22651246, 6.0149293, 0.0, 0.0, 0.0, 0.0, 0.0, 0.0, 0.0, 0.0, 0.0, 0.0, 0.0, 0.0, 0.0)","(0.057732634, 0.08934333, 0.19320935, NaN, NaN, NaN, NaN, NaN, NaN, NaN, NaN, NaN, NaN, NaN, NaN, NaN)","(0.34227902, NaN, NaN, NaN, NaN, NaN, NaN, NaN, NaN, NaN, NaN, NaN, NaN, NaN, NaN, NaN)","(0.02664251, NaN, NaN, NaN, NaN, NaN, NaN, NaN, NaN, NaN, NaN, NaN, NaN, NaN, NaN, NaN)","(1.770298, 0.0, 0.0, 0.0, 0.0, 0.0, 0.0, 0.0, 0.0, 0.0, 0.0, 0.0, 0.0, 0.0, 0.0, 0.0)","(0.31405166, NaN, NaN, NaN, NaN, NaN, NaN, NaN, NaN, NaN, NaN, NaN, NaN, NaN, NaN, NaN)","(0.21248128, NaN, NaN, NaN, NaN, NaN, NaN, NaN, NaN, NaN, NaN, NaN, NaN, NaN, NaN, NaN)","(0.038116846, NaN, NaN, NaN, NaN, NaN, NaN, NaN, NaN, NaN, NaN, NaN, NaN, NaN, NaN, NaN)","(1.7538933, 0.0, 0.0, 0.0, 0.0, 0.0, 0.0, 0.0, 0.0, 0.0, 0.0, 0.0, 0.0, 0.0, 0.0, 0.0)","(0.34839475, NaN, NaN, NaN, NaN, NaN, NaN, NaN, NaN, NaN, NaN, NaN, NaN, NaN, NaN, NaN)",,,,,RRab,0.16723056,0.095222525,208.519627979758,0.23237777,13.571493028861768,0.17227615,0.2483829685911178,0.2658657,1.1222228,-0.9281743406027848,0.30858195,-0.6307744418969901,0.23251258,19.15018,19.4192,18.776175,411.978319737101,3.212736,233.2043159835044,9.12494,244.73061834206263,9.848045,0.008466628723147055,0.042481835364919944,0.043688944721888646,17.93221195,-0.19307642211942663,18.335879968786713,,-1.75,0.49,52.09,4.71
