index,source_id,UFD,Starname,RA(J2016),Dec(J2016),R/R_h,RV,G,BP-RP,PSAT,[Fe/H],source,,,
0,3959869107138861056,ComBer,ComBer-S1,186.68111,23.95070,0.81,93.80,17.89,1.07,1.00,-2.31,c,g,,
1,3959874634761012224,ComBer,ComBer-S2,186.73107,23.93605,0.45,96.40,17.79,1.05,1.00,-2.88,c,g,,
2,3959873883142494720,ComBer,ComBer-S3,186.73609,23.93661,0.47,99.00,17.25,1.12,1.00,-2.53,c,g,,
3,3959867144338018304,ComBer,—,186.68810,23.84574,1.32,106.11,19.89,1.04,0.75,-2.92,g,,,
4,3959867728453587968,ComBer,—,186.73948,23.89943,0.12,96.27,19.15,0.99,1.00,-3.38,g,,,
5,3959867865892540928,ComBer,—,186.69726,23.89887,0.60,91.07,20.22,0.79,0.97,-3.01,g,,,
6,3959869755678143488,ComBer,—,186.88803,23.87207,1.53,89.05,19.53,0.84,0.93,-2.65,g,,,
7,3959888309936927744,ComBer,—,186.62087,24.06772,2.36,98.47,20.31,0.94,0.87,-2.52,g,,,
8,3959870477232655360,ComBer,—,186.83611,23.89460,1.00,89.14,20.49,1.03,0.34,-2.87,g,,,
9,3959868763541740544,ComBer,—,186.71194,23.93341,0.47,93.27,18.61,0.33,1.00,—,j,,,
10,3959869240282051584,ComBer,—,186.85563,23.82725,1.36,113.69,19.01,0.05,1.00,—,j,,,
11,3959870722046625280,ComBer,—,186.80574,23.91066,0.74,91.59,20.63,0.36,0.53,—,j,,,
12,3959874909638929920,ComBer,—,186.70903,23.96174,0.82,101.27,20.34,0.89,0.96,—,j,,,
13,3959887828900577280,ComBer,—,186.63371,24.02378,1.79,99.99,18.56,0.17,1.00,—,j,,,
14,3959847524927441920,ComBer,—,187.10271,23.94040,4.41,—,18.73,0.95,0.96,—,—,,,
15,3959847593646920704,ComBer,—,187.13073,23.94670,4.78,—,18.66,1.02,0.86,—,—,,,
16,3959861097024021504,ComBer,—,186.73234,23.72566,2.82,—,18.57,0.25,1.00,—,—,,,
17,3959861303182454272,ComBer,—,186.72493,23.73044,2.78,—,20.14,1.01,0.75,—,—,,,
18,3959861547996681728,ComBer,—,186.63561,23.71559,3.61,—,19.81,0.91,0.77,—,—,,,
19,3959861960313276928,ComBer,—,186.63421,23.74742,3.16,—,17.06,1.14,1.00,—,—,,,
20,3959862918090172928,ComBer,—,186.75199,23.77212,2.01,—,20.41,0.75,0.79,—,—,,,
21,3959867217352720384,ComBer,—,186.65521,23.83834,1.73,—,20.53,0.76,0.79,—,—,,,
22,3959870099275534336,ComBer,—,186.90519,23.89772,1.82,—,19.70,0.94,0.94,—,—,,,
23,3959870167995015680,ComBer,—,186.88960,23.91535,1.75,—,18.43,0.70,0.99,—,—,,,
24,3959870167995017728,ComBer,—,186.88796,23.91735,1.74,—,19.09,1.00,0.98,—,—,,,
25,3959870683391090688,ComBer,—,186.81881,23.91234,0.91,—,20.65,0.75,0.53,—,—,,,
26,3959871611104028672,ComBer,—,186.92304,23.91865,2.16,—,20.17,0.95,0.69,—,—,,,
27,3959872027716646400,ComBer,—,187.00405,23.96026,3.44,—,19.51,0.96,0.93,—,—,,,
28,3959873535249372160,ComBer,—,186.76510,23.89924,0.21,—,19.91,1.00,0.91,—,—,,,
29,3959873603968850432,ComBer,—,186.75882,23.90764,0.18,—,20.45,0.91,0.93,—,—,,,
30,3959873603969063936,ComBer,—,186.75509,23.91312,0.21,—,20.67,0.67,0.95,—,—,,,
31,3959873947566247936,ComBer,—,186.76404,23.94180,0.69,—,17.83,1.00,1.00,—,—,,,
32,3959874673415916032,ComBer,—,186.73706,23.95046,0.68,—,20.81,0.78,0.91,—,—,,,
33,3959875601129415168,ComBer,—,186.76556,24.01463,1.81,—,17.17,1.08,1.00,—,—,,,
34,3959875768632396800,ComBer,—,186.86491,23.98741,2.23,—,20.23,0.97,0.78,—,—,,,
35,3959876077870051328,ComBer,—,186.83070,24.01264,2.25,—,19.74,0.94,0.92,—,—,,,
36,3959877452259603968,ComBer,—,186.84851,24.06688,3.18,—,18.09,1.04,0.99,—,—,,,
37,3959882228263617536,ComBer,—,186.59553,24.02838,2.02,—,19.85,1.02,0.94,—,—,,,
38,3959884740819808256,ComBer,—,186.51644,24.00724,2.51,—,16.85,1.14,1.00,—,—,,,
39,3959888486031303680,ComBer,—,186.68111,24.07936,2.50,—,15.40,1.42,1.00,—,—,,,
40,3953877451666634240,ComBer,—,186.37624,23.87828,4.47,—,18.51,1.06,0.86,—,—,,,
41,3959813646225316864,ComBer,—,186.78216,23.66171,3.59,—,19.57,0.99,0.69,—,—,,,
42,3959816395004384768,ComBer,—,187.03847,23.65754,3.98,—,18.35,0.63,0.91,—,—,,,
43,—,UMaI,SDSSJ103519.12+515359.5,158.82967,51.89994,0.85,—,22.07,0.01,0.00,-1.41,g,,,
44,847519608687616640,UMaI,—,158.82316,51.92608,0.54,-68.31,18.74,1.28,0.96,-1.14,g,m,,
45,847520334538526848,UMaI,—,158.67198,51.92003,0.28,-61.91,19.23,1.17,1.00,-2.20,g,m,,
46,847708243651375360,UMaI,—,158.71589,51.97377,0.86,-64.06,18.59,1.15,1.00,-2.75,g,m,,
47,847708174931896832,UMaI,—,158.67620,51.96635,0.89,-37.93,18.67,1.30,0.00,-2.56,g,m,,
48,847516172713773440,UMaI,—,158.77871,51.87363,0.96,-40.00,18.95,1.17,0.01,-1.22,g,,,
49,847706972341268608,UMaI,—,158.47213,51.89850,1.27,-62.48,20.49,0.76,0.00,-1.34,g,,,
50,847520605120030720,UMaI,—,158.76470,51.93890,0.26,-68.31,20.44,0.81,0.99,-2.57,o,g,,
51,847706869261834112,UMaI,—,158.62968,51.95030,0.88,-56.67,18.10,1.24,1.00,-2.73,o,g,m,
52,849020961751785472,UMaI,—,158.87024,51.95040,0.71,-57.03,17.82,1.31,1.00,-2.58,o,g,,
53,847706731822875648,UMaI,—,158.59212,51.93622,0.90,-39.30,19.99,0.98,0.00,-1.58,o,g,,
54,849017590201559552,UMaI,—,158.90282,51.88844,1.39,-56.53,20.70,0.51,0.07,-2.57,o,g,,
55,847516103994294528,UMaI,—,158.79778,51.85917,1.26,-55.14,19.22,1.03,1.00,-2.30,o,g,,
56,847517482680353408,UMaI,—,158.70037,51.84745,1.08,-56.00,20.45,0.84,0.83,-2.00,o,g,,
57,847519230730488960,UMaI,—,158.71128,51.87782,0.63,-45.50,20.58,0.70,0.96,-1.40,o,g,,
58,847707556456603520,UMaI,—,158.57182,51.95931,1.30,-59.07,19.52,1.10,0.99,-2.40,o,g,,
59,849018002518350080,UMaI,—,158.92855,51.93824,1.06,-68.79,19.47,1.03,1.00,-2.00,o,g,,
60,847516520606648576,UMaI,—,158.83173,51.88136,1.10,-58.87,20.48,0.37,0.99,—,j,,,
61,847519131947798272,UMaI,—,158.77041,51.88709,0.72,-59.69,20.51,0.26,0.98,—,j,,,
62,847520025300875520,UMaI,—,158.83978,51.97475,0.74,-59.86,20.27,0.68,0.96,—,j,,,
63,847520000000000000,UMaI,—,158.72356,51.91511,0.09,-64.14,20.15,1.26,0.99,—,j,,,
64,847520192803168640,UMaI,—,158.74220,51.92328,0.11,-51.26,20.01,0.90,0.99,—,j,,,
65,847520295882556928,UMaI,—,158.74685,51.95196,0.43,-68.19,20.30,0.20,1.00,—,j,,,
66,847701371703681408,UMaI,—,158.43684,51.90670,1.52,-53.51,20.10,1.10,0.93,—,j,,,
67,847706663103625984,UMaI,—,158.62834,51.94127,0.77,-56.61,20.34,0.47,0.99,—,j,,,
68,847707728255299712,UMaI,—,158.57797,51.97473,1.48,-73.47,20.11,0.52,0.83,—,j,,,
69,849017972454861440,UMaI,—,158.90414,51.94549,0.89,-59.55,20.52,0.59,0.92,—,j,,,
70,849018002518421760,UMaI,—,158.94180,51.94657,1.09,-52.63,20.42,0.28,0.92,—,j,,,
71,849018075533761408,UMaI,—,158.93573,51.96584,1.02,-40.73,19.86,1.03,0.99,—,j,,,
72,849020957455855616,UMaI,—,158.87605,51.95833,0.75,-52.90,20.33,0.75,0.98,—,j,,,
73,849021270989478272,UMaI,—,158.89314,51.99936,1.07,-56.69,20.61,0.22,0.96,—,j,,,
74,849021507211738112,UMaI,—,158.95634,52.00489,1.26,-48.74,19.92,0.84,0.91,—,j,,,
75,849022228766245120,UMaI,—,158.90671,52.04344,1.60,-25.97,20.43,0.61,0.92,—,j,,,
76,847515245001014784,UMaI,—,158.89520,51.82919,2.15,—,20.48,0.75,0.86,—,—,,,
77,847519849205957760,UMaI,—,158.77332,51.92793,0.26,—,20.39,0.56,0.99,—,—,,,
78,847698932162480128,UMaI,—,158.25768,51.79609,2.24,—,20.90,0.55,0.86,—,—,,,
79,847700031674114560,UMaI,—,158.43620,51.83499,1.41,—,20.51,0.04,1.00,—,—,,,
80,847700718868881920,UMaI,—,158.28003,51.83491,2.09,—,20.43,0.45,0.84,—,—,,,
81,847701990178947840,UMaI,—,158.15683,51.83232,2.72,—,20.42,0.41,0.76,—,—,,,
82,847704326641185408,UMaI,—,158.38426,51.92151,1.94,—,20.07,1.08,0.93,—,—,,,
83,847704434016766720,UMaI,—,158.39778,51.93318,1.98,—,19.87,0.93,0.64,—,—,,,
84,847705975908854528,UMaI,—,158.51178,51.87997,0.99,—,20.54,0.31,0.98,—,—,,,
85,847706147707301760,UMaI,—,158.47656,51.86228,1.16,—,20.26,0.57,0.95,—,—,,,
86,847707006700773632,UMaI,—,158.49136,51.90606,1.20,—,20.37,0.54,0.70,—,—,,,
87,847707350298393472,UMaI,—,158.47407,51.94437,1.66,—,20.81,-0.08,0.73,—,—,,,
88,847716356845689344,UMaI,—,158.12545,51.95135,3.72,—,17.12,1.48,1.00,—,—,,,
89,849013638831653632,UMaI,—,159.35696,52.05978,3.02,—,20.58,1.02,0.65,—,—,,,
90,849017010381183744,UMaI,—,158.98127,51.92640,1.44,—,20.51,0.36,0.98,—,—,,,
91,849018453490931840,UMaI,—,158.99886,51.97692,1.32,—,20.58,0.70,0.74,—,—,,,
92,849019857944242048,UMaI,—,159.07142,52.01200,1.69,—,20.13,0.95,0.91,—,—,,,
93,849020167181942528,UMaI,—,159.07563,52.03784,1.82,—,20.41,0.47,0.71,—,—,,,
94,849020755593349376,UMaI,—,159.18798,52.08359,2.46,—,20.32,0.51,0.78,—,—,,,
95,849020820016978048,UMaI,—,159.17811,52.10100,2.56,—,20.42,0.44,0.89,—,—,,,
96,849021438492203264,UMaI,—,158.96669,51.99805,1.24,—,19.90,1.11,0.99,—,—,,,
97,849024363365880576,UMaI,—,159.07709,52.12619,2.68,—,20.32,0.71,0.61,—,—,,,
98,849024496508951680,UMaI,—,159.02815,52.12170,2.61,—,18.55,1.20,0.99,—,—,,,
99,1230826335841709056,BooI,Boo-007,209.89801,14.33992,1.19,114.40,17.60,1.16,1.00,-2.28,b,,,
100,1230830222787068928,BooI,Boo-033,210.04885,14.41705,0.48,98.96,17.49,1.25,1.00,-2.47,b,,,
101,1230835892143883008,BooI,Boo-094,210.13127,14.56765,0.78,95.07,16.60,1.32,1.00,-2.90,b,,,
102,1230835578610843648,BooI,Boo-117,210.04369,14.52931,0.20,99.54,17.44,1.23,1.00,-2.18,b,f,h,e
103,1230861043472371456,BooI,Boo-121,210.15215,14.65759,1.16,132.74,17.09,1.29,1.00,-2.39,b,,,
104,1230837163454204672,BooI,Boo-127,210.06067,14.59797,0.56,99.00,17.38,1.27,1.00,-1.98,b,,,
105,1230649834160653312,BooI,Boo-980,209.80284,13.71547,4.37,105.00,17.86,1.08,0.97,-3.09,i,d,,
106,1230837163454204672,BooI,Boo-127,210.06067,14.59797,0.56,99.00,17.38,1.27,1.00,-2.08,i,f,h,d
107,1230744529599617280,BooI,Boo-1137,209.64089,14.35235,2.70,110.00,17.35,1.22,1.00,-3.66,f,d,,
108,1230834826991992832,BooI,Boo-130,209.95406,14.50172,0.49,110.50,17.49,1.19,1.00,-2.29,f,d,,
109,1230830222787068928,BooI,Boo-33,210.04885,14.41705,0.48,98.96,17.49,1.25,1.00,-2.29,f,d,,
110,1230835892143883008,BooI,Boo-094,210.13127,14.56765,0.79,95.07,16.60,1.32,1.00,-2.90,f,h,d,
111,1230823247760125184,BooI,Boo-009,209.95335,14.32858,1.01,124.90,17.11,1.26,1.00,-2.67,h,d,,
112,1230848914484728064,BooI,Boo-911,210.00446,14.61430,0.64,91.83,17.16,1.28,1.00,-1.98,h,d,b,
113,1230861043472371456,BooI,Boo-121,210.15215,14.65759,1.17,132.74,17.09,1.29,1.00,-2.37,h,d,,
114,1230831047420766464,BooI,Boo-41,210.10763,14.43545,0.68,107.96,17.68,1.19,1.00,-1.93,f,e,o,d
115,1230833585745988096,BooI,Boo-119,210.04105,14.47305,0.19,92.45,17.71,1.23,1.00,-3.33,f,o,,
116,1230846676806885120,BooI,Boo08*,209.93728,14.54170,0.66,101.75,20.33,0.89,0.84,-2.48,e,o,p,
117,1230835028855032832,BooI,Boo14*,209.95139,14.53433,0.55,105.47,19.35,0.72,0.97,-2.57,e,o,p,
118,1230835063214777600,BooI,Boo06*,209.96803,14.54602,0.48,98.55,20.18,1.02,0.98,-2.20,e,o,p,
119,1230833723185498112,BooI,Boo15*,209.99103,14.46737,0.28,101.67,19.96,1.07,0.99,-2.89,e,o,p,
120,1230833963703127808,BooI,Boo07*,210.02221,14.50649,0.04,98.88,20.60,0.73,0.92,-2.49,e,o,p,
121,1230830493370084864,BooI,Boo19*,210.02338,14.43857,0.33,106.64,19.91,0.71,0.90,-3.29,e,o,p,
122,1230836368884839424,BooI,Boo02*,210.05382,14.55327,0.34,101.25,18.99,1.06,1.00,-2.37,e,o,p,
123,1230830321570823424,BooI,Boo-25,210.09100,14.43150,0.60,100.35,20.52,0.86,0.85,-2.76,e,o,p,
124,1230835956567981824,BooI,Boo-13,210.09351,14.55748,0.54,98.30,19.17,0.80,0.85,-2.49,e,o,p,
125,1230835681690063872,BooI,Boo-12,210.11369,14.53877,0.63,105.29,19.83,1.03,0.99,-2.48,e,o,p,
126,1230832417514897920,BooI,Boo-03,210.13780,14.49991,0.77,96.62,19.16,1.01,1.00,-3.09,e,o,p,
127,1230830463305085184,BooI,Boo-23,210.04805,14.43224,0.41,113.29,21.05,0.61,0.00,-2.90,e,p,,
128,1230834547819224320,BooI,Boo22*,209.96096,14.48643,0.44,92.80,18.55,1.09,1.00,-2.87,e,o,,
129,1230833963703127552,BooI,—,210.01280,14.50657,0.09,97.90,21.04,0.72,0.00,-1.90,o,p,,
130,1230833860623898624,BooI,—,210.01386,14.48096,0.12,115.90,20.25,0.70,0.00,-2.32,o,p,,
131,1230828122548139008,BooI,—,209.91402,14.44401,0.80,102.01,19.86,1.05,0.92,-2.20,o,p,,
132,1230834410380273664,BooI,—,209.92577,14.49508,0.68,90.18,19.04,1.07,0.99,-2.30,o,p,,
133,1230835578610843648,BooI,Boo-117,210.04369,14.52931,0.20,98.20,17.44,1.23,0.00,-2.25,o,d,,
134,1230833963703127552,BooI,Boo-04,210.01280,14.50657,0.09,101.47,21.04,0.72,0.00,-2.39,e,,,
135,1230846745526363136,BooI,Boo-05,209.93445,14.54480,0.68,99.70,20.92,1.02,0.00,-2.89,e,,,
136,1230833860623898624,BooI,Boo-18,210.01386,14.48096,0.12,107.85,20.25,0.70,0.34,-2.51,e,,,
137,1230835853488763136,BooI,Boo-09,210.10727,14.55231,0.54,—,19.52,0.60,0.07,-2.65,e,,,
138,1230833486962192640,BooI,Boo-28,210.01729,14.45611,0.29,—,15.85,0.83,0.00,-2.31,e,,,
139,1230831803334814464,BooI,Boo-30,210.10087,14.44123,0.62,—,20.98,1.64,0.00,-1.86,e,,,
140,1230724631016059904,BooI,Boo-1069,209.72176,14.11606,2.82,112.00,18.49,0.99,0.77,-2.51,d,,,
141,1230826335841709056,BooI,Boo-7,209.89801,14.33992,1.18,114.40,17.60,1.16,1.00,-2.32,d,,,
142,1230823312184726272,BooI,Boo-8,209.91088,14.32108,1.19,107.50,18.46,1.01,0.98,-2.75,d,,,
143,1230773937240652800,BooI,Boo-78,210.06138,14.22053,1.54,103.50,18.63,1.07,1.00,-2.46,d,,,
144,1230775345989954048,BooI,Boo-34,210.08794,14.29109,1.23,111.25,18.07,1.14,1.00,-3.10,d,,,
145,1231035483568837120,BooI,—,209.42329,14.58663,4.18,98.70,19.83,1.02,0.65,-1.92,n,,,
146,1230843309552514304,BooI,—,209.57916,14.50216,3.06,123.80,19.40,1.00,0.91,-2.43,n,,,
147,1231031497839177728,BooI,—,209.59272,14.54056,2.99,106.50,18.87,1.02,0.92,-2.30,n,,,
148,1231074516231323136,BooI,—,209.85213,15.04768,3.24,114.30,19.81,0.84,0.67,-2.17,n,,,
149,1230874542554264832,BooI,—,210.05695,14.75375,1.36,98.20,19.97,1.02,0.98,-3.97,n,,,
150,1230887118218565632,BooI,—,210.06789,14.94406,2.38,105.00,19.30,0.98,0.98,-2.56,n,,,
151,1230874954871117824,BooI,—,210.11529,14.73794,1.38,114.10,20.05,0.95,0.98,-2.46,n,,,
152,1230769470474643456,BooI,—,210.11893,14.12933,2.13,93.30,19.31,0.93,0.96,-2.80,n,,,
153,1230861142257868032,BooI,—,210.16386,14.66974,1.27,94.80,20.12,0.99,0.91,-3.98,n,,,
154,1229998300506922496,BooI,—,210.35767,13.88567,4.14,107.60,19.83,0.75,0.19,-1.90,n,,,
155,1231095269513901568,BooI,—,210.02997,15.23860,3.96,96.80,19.78,0.93,0.75,-3.99,n,,,
156,1231068881234192640,BooI,—,210.03399,14.92352,2.27,116.00,19.88,0.85,0.74,-2.59,n,,,
157,1230672610372100096,BooI,—,209.99684,13.99147,2.72,104.40,19.29,0.96,0.76,-2.45,n,,,
158,1230849081988080896,BooI,—,210.04421,14.63995,0.75,101.19,19.36,1.06,0.99,-3.00,k,n,,
159,1230848326073809408,BooI,—,209.98056,14.58134,0.55,100.03,19.14,1.10,1.00,-2.60,k,n,p,
160,1230847089123225856,BooI,—,209.93098,14.57732,0.79,99.81,20.26,0.79,0.75,-2.28,k,p,,
161,1230849425585454592,BooI,—,209.93573,14.61934,0.92,97.93,19.87,1.04,0.99,-2.43,k,p,,
162,1230826988676907520,BooI,—,209.93776,14.39093,0.81,102.84,20.75,0.45,0.82,-1.99,k,p,,
163,1230827297914411520,BooI,—,209.94307,14.41995,0.68,98.07,19.89,0.85,0.55,-2.62,k,p,,
164,1230848772750422272,BooI,—,209.95056,14.61297,0.82,103.20,20.37,0.82,0.80,-2.14,k,p,,
165,1230853376955406848,BooI,—,209.95224,14.70124,1.22,111.75,19.82,0.86,0.95,-2.19,k,p,,
166,1230834620833562624,BooI,—,209.96213,14.50077,0.43,99.94,16.51,1.43,1.00,-2.26,k,p,,
167,1230848600951721472,BooI,—,209.96544,14.59537,0.68,99.94,18.83,1.10,0.98,-2.33,k,p,,
168,1230833413947850752,BooI,—,209.97132,14.45955,0.41,104.70,20.36,0.95,0.98,-2.56,k,p,,
169,1230836471964048896,BooI,—,210.00099,14.54305,0.29,108.27,20.12,1.01,0.99,-1.78,k,p,,
170,1230823724501603328,BooI,—,210.00639,14.36506,0.73,103.50,19.35,1.03,0.99,-2.50,k,p,,
171,1230836643762759424,BooI,—,210.02152,14.57439,0.40,104.05,20.46,0.98,0.97,-2.82,k,p,,
172,1230848978908853248,BooI,—,210.03612,14.61508,0.62,103.07,20.40,0.80,0.90,-2.32,k,p,,
173,1230835170589373952,BooI,—,210.04457,14.49012,0.15,103.55,19.12,1.05,1.00,-2.28,k,p,,
174,1230835131934224384,BooI,—,210.06929,14.49041,0.31,97.21,20.84,1.57,0.89,-2.51,k,p,,
175,1230836059647199744,BooI,—,210.10483,14.56298,0.62,100.22,20.52,0.84,0.94,-2.59,k,p,,
176,1230832211356461056,BooI,—,210.10625,14.48813,0.57,102.16,20.57,0.63,0.84,-2.42,k,p,,
177,1230831597176581120,BooI,—,210.15579,14.48278,0.91,106.95,16.37,1.47,1.00,-2.26,k,p,,
178,1230783626686364672,BooI,—,210.19813,14.40335,1.33,117.74,20.52,0.86,0.74,-2.60,k,p,,
179,1230850009701023232,BooI,—,209.96388,14.65162,0.94,111.07,19.57,0.29,1.00,—,k,p,,
180,1230848807110164736,BooI,—,209.97871,14.62095,0.74,109.80,19.54,0.22,0.99,—,k,p,,
181,1230848463512766720,BooI,—,210.00312,14.59139,0.52,99.52,19.83,-0.10,1.00,—,k,p,,
182,1230836953000413696,BooI,—,210.06912,14.59167,0.56,99.39,19.62,0.40,1.00,—,k,p,,
183,1230860867378343680,BooI,—,210.09209,14.64394,0.87,93.84,19.54,0.13,1.00,—,k,p,,
184,1230860798658865664,BooI,—,210.11267,14.64176,0.93,105.37,19.65,0.23,1.00,—,k,p,,
185,1230831524161686016,BooI,—,210.16485,14.47441,0.98,95.13,19.65,0.14,1.00,—,k,p,,
186,1230823174745775104,BooI,—,209.95890,14.32901,0.99,102.50,19.74,0.77,0.11,-2.13,p,,,
187,1230834753977115904,BooI,—,209.97391,14.51555,0.37,124.70,20.10,0.92,0.00,-0.97,p,,,
188,1230848326073804288,BooI,—,209.98326,14.57381,0.50,114.80,19.08,0.95,0.00,-1.22,p,,,
189,1230830081053217792,BooI,—,210.00688,14.41519,0.46,93.80,18.62,1.04,0.00,-1.27,p,,,
190,1230873649201036800,BooI,—,210.00929,14.68729,1.02,80.40,20.30,0.72,0.00,-1.18,p,,,
191,1230829673030965504,BooI,—,210.01017,14.38032,0.64,103.90,20.68,1.03,0.00,-2.19,p,,,
192,1230835097574485504,BooI,—,210.05097,14.48945,0.19,99.20,20.92,-0.08,0.00,-2.53,p,,,
193,1230872584049134080,BooI,—,210.06110,14.65854,0.87,101.00,20.92,0.22,0.00,-2.19,p,,,
194,1230832250011670784,BooI,—,210.11075,14.49690,0.59,107.40,20.70,0.83,0.92,-2.38,p,,,
195,1230829256419219456,BooI,—,210.11834,14.39796,0.87,100.00,21.00,0.92,0.00,-2.70,p,,,
196,1230784313881154048,BooI,—,210.19823,14.44174,1.25,98.20,20.87,0.33,0.00,-2.58,p,,,
197,—,BooI,SDSSJ135933.50+142821.6,209.88958,14.47267,0.93,117.80,21.58,0.07,0.00,-3.14,p,,,
198,—,BooI,SDSSJ135937.60+142647.6,209.90667,14.44656,0.84,102.70,21.31,0.08,0.00,-2.44,p,,,
199,—,BooI,SDSSJ135945.72+142230.9,209.94050,14.37525,0.85,90.30,21.41,0.06,0.00,-2.02,p,,,
200,—,BooI,SDSSJ135947.06+142852.5,209.94608,14.48125,0.54,103.70,21.20,0.00,0.00,-2.07,p,,,
201,—,BooI,SDSSJ135950.75+143114.2,209.96146,14.52061,0.46,94.80,21.45,0.12,0.00,-2.04,p,,,
202,—,BooI,SDSSJ140000.99+143126.7,210.00412,14.52408,0.20,107.60,21.55,-0.03,0.00,-2.47,p,,,
203,—,BooI,SDSSJ140010.61+143823.8,210.04421,14.63994,0.75,101.10,19.54,0.22,0.00,-2.37,p,,,
204,—,BooI,SDSSJ140015.80+143446.8,210.06588,14.57967,0.49,118.60,21.53,-0.03,0.00,-2.93,p,,,
205,—,BooI,SDSSJ140023.33+142607.9,210.09721,14.43556,0.62,93.40,21.53,0.10,0.00,-1.11,p,,,
206,—,BooI,SDSSJ140028.93+142502.2,210.12058,14.41728,0.82,101.30,21.54,0.05,0.00,-2.33,p,,,
207,—,BooI,SDSSJ140057.91+142854.0,210.24133,14.48167,1.49,98.50,21.34,-0.02,0.00,-2.05,p,,,
208,1230849361161115904,BooI,—,210.01448,14.66452,0.89,105.50,21.38,1.07,0.00,—,p,,,
209,—,BooI,SDSSJ135934.37+143017.1,209.89321,14.50475,0.91,77.90,21.62,0.09,0.00,—,p,,,
210,—,BooI,SDSSJ135945.70+142552.5,209.94046,14.43125,0.66,99.00,22.03,0.09,0.00,—,p,,,
211,—,BooI,SDSSJ135951.07+143049.8,209.96283,14.51383,0.44,104.80,21.68,0.03,0.00,—,p,,,
212,—,BooI,SDSSJ135953.00+142232.1,209.97088,14.37558,0.74,102.30,21.93,-0.06,0.00,—,p,,,
213,—,BooI,SDSSJ140002.28+142653.4,210.00954,14.44817,0.29,108.70,21.47,0.11,0.00,—,p,,,
214,—,BooI,SDSSJ140010.30+142626.5,210.04296,14.44072,0.35,102.10,21.70,0.09,0.00,—,p,,,
215,—,BooI,SDSSJ140020.58+143734.0,210.08579,14.62611,0.77,104.40,21.87,0.02,0.00,—,p,,,
216,—,BooI,SDSSJ140023.37+143245.2,210.09742,14.54589,0.54,97.40,21.28,-0.06,0.00,—,p,,,
217,1230834925776358656,BooI,—,209.94143,14.52796,0.60,131.30,19.46,0.51,0.99,—,l,,,
218,1230841110529260032,BooI,—,209.75971,14.50644,1.82,92.14,17.64,1.16,1.00,—,l,,,
219,1230819841851105536,BooI,—,209.90330,14.19465,1.78,91.00,19.08,1.12,0.99,—,l,,,
220,1230774624435416832,BooI,—,210.01257,14.21000,1.55,95.00,19.48,0.92,0.96,—,l,,,
221,1230767271451373824,BooI,—,210.02437,14.05914,2.36,95.30,18.32,1.13,0.99,—,l,,,
222,1230775449069163520,BooI,—,210.02693,14.27514,1.21,114.00,19.34,0.95,0.94,—,l,,,
223,1229895702327886336,BooI,—,210.07118,13.65910,4.54,98.00,18.71,1.12,0.93,—,l,,,
224,1230873275539233536,BooI,—,210.13332,14.71734,1.34,105.03,17.46,1.26,1.00,—,l,,,
225,1230713292302089728,BooI,—,209.15700,14.10564,6.18,—,19.43,0.33,0.75,—,—,,,
226,1230745590456548096,BooI,—,209.48188,14.31368,3.79,—,19.69,0.12,0.99,—,—,,,
227,1230744456585187328,BooI,—,209.61219,14.33958,2.90,—,20.64,1.18,0.52,—,—,,,
228,1231064517547444736,BooI,—,209.61268,15.01416,4.08,—,19.52,0.45,0.90,—,—,,,
229,1230717346751479808,BooI,—,209.67074,14.03534,3.36,—,18.70,1.08,0.97,—,—,,,
230,1231039885910013440,BooI,—,209.67834,14.66212,2.59,—,19.29,0.99,0.96,—,—,,,
231,1230731468604067328,BooI,—,209.68330,14.27127,2.57,—,20.61,1.03,0.69,—,—,,,
232,1231547855987547392,BooI,—,209.68346,15.73852,7.19,—,19.67,0.22,0.65,—,—,,,
233,1231048127952212224,BooI,—,209.68586,14.88807,3.22,—,19.76,0.55,0.76,—,—,,,
234,1230668281045015808,BooI,—,209.69574,13.90590,3.77,—,19.72,0.19,0.98,—,—,,,
235,1230837949433295872,BooI,—,209.74540,14.38947,1.97,—,20.56,0.86,0.63,—,—,,,
236,1230852483602707456,BooI,—,209.75847,14.67250,2.10,—,20.16,0.99,0.84,—,—,,,
237,1230825339409289728,BooI,—,209.77648,14.31665,1.91,—,19.39,0.52,0.84,—,—,,,
238,1230826060963809792,BooI,—,209.77952,14.35699,1.80,—,20.36,0.80,0.79,—,—,,,
239,1230850971774212608,BooI,—,209.78081,14.61713,1.83,—,19.68,0.05,1.00,—,—,,,
240,1231097197954353920,BooI,—,209.78656,15.21846,4.29,—,19.65,0.92,0.72,—,—,,,
241,1230839495621857024,BooI,—,209.78757,14.40695,1.67,—,20.06,0.91,0.87,—,—,,,
242,1230668693361894144,BooI,—,209.79164,13.93685,3.32,—,19.52,0.44,0.69,—,—,,,
243,1231042321156413696,BooI,—,209.79239,14.77654,2.25,—,20.55,0.97,0.76,—,—,,,
244,1230841144888992256,BooI,—,209.79748,14.48898,1.56,—,19.69,0.10,1.00,—,—,,,
245,1231073970770833664,BooI,—,209.81997,15.00991,3.16,—,20.94,0.73,0.63,—,—,,,
246,1231067163247259904,BooI,—,209.82685,14.84828,2.38,—,19.52,0.33,0.99,—,—,,,
247,1230851246652121344,BooI,—,209.84872,14.62471,1.42,—,19.17,1.13,0.95,—,—,,,
248,1230678314088732672,BooI,—,209.84955,14.10324,2.37,—,20.20,0.76,0.58,—,—,,,
249,1230827542727194624,BooI,—,209.85214,14.38899,1.29,—,20.64,0.72,0.80,—,—,,,
250,1230651925809484800,BooI,—,209.85708,13.80260,3.83,—,19.72,0.12,0.98,—,—,,,
251,1230827538432572416,BooI,—,209.85726,14.39589,1.24,—,19.44,0.67,0.97,—,—,,,
252,1230826679439105024,BooI,—,209.85783,14.37071,1.30,—,20.57,0.88,0.78,—,—,,,
253,1230848016836700416,BooI,—,209.86137,14.58644,1.24,—,20.82,0.68,0.89,—,—,,,
254,1231073829036540160,BooI,—,209.86327,15.00787,3.01,—,19.70,0.42,0.87,—,—,,,
255,1230847364001656832,BooI,—,209.86582,14.55203,1.15,—,19.74,0.03,1.00,—,—,,,
256,1230819704412148224,BooI,—,209.87232,14.17873,1.95,—,19.50,0.26,1.00,—,—,,,
257,1231098980365655296,BooI,—,209.87641,15.26266,4.28,—,19.49,0.88,0.86,—,—,,,
258,1231067678643343104,BooI,—,209.89229,14.88711,2.32,—,19.66,0.97,0.95,—,—,,,
259,1231099014725393408,BooI,—,209.89410,15.26219,4.24,—,19.58,0.12,0.99,—,—,,,
260,1230846539367928832,BooI,—,209.89438,14.53361,0.93,—,19.67,0.11,0.99,—,—,,,
261,1230828156907873792,BooI,—,209.89486,14.43174,0.94,—,19.62,0.12,0.99,—,—,,,
262,1230820151088760832,BooI,—,209.89824,14.22768,1.65,—,19.46,1.04,0.95,—,—,,,
263,1230826542000661504,BooI,—,209.90507,14.36265,1.06,—,19.86,0.84,0.91,—,—,,,
264,1230878253406017024,BooI,—,209.91093,14.77480,1.72,—,20.87,1.07,0.82,—,—,,,
265,1230853553049414400,BooI,—,209.91204,14.71430,1.43,—,18.98,1.08,0.99,—,—,,,
266,1230823312184727808,BooI,—,209.91798,14.32722,1.14,—,20.86,0.47,0.68,—,—,,,
267,1230827160475452928,BooI,—,209.91876,14.40405,0.86,—,20.32,1.15,0.92,—,—,,,
268,1231066647851184896,BooI,—,209.92313,14.84950,2.04,—,18.62,1.08,0.99,—,—,,,
269,1230651341693932544,BooI,—,209.92565,13.80315,3.75,—,19.52,0.22,0.99,—,—,,,
270,1230846745526362624,BooI,—,209.92794,14.54405,0.72,—,18.79,0.88,0.97,—,—,,,
271,1230849837902330368,BooI,—,209.94273,14.64852,1.01,—,19.59,0.23,1.00,—,—,,,
272,1230834135502357504,BooI,—,209.94697,14.46561,0.55,—,19.58,0.54,0.96,—,—,,,
273,1230833276508895744,BooI,—,209.94754,14.44997,0.58,—,19.96,0.87,0.72,—,—,,,
274,1230878837521588736,BooI,—,209.95242,14.82159,1.83,—,20.47,0.83,0.67,—,—,,,
275,1230772597210842624,BooI,—,209.95568,14.16816,1.81,—,19.43,0.51,0.95,—,—,,,
276,1230846814245300736,BooI,—,209.95721,14.54836,0.55,—,20.70,0.62,0.74,—,—,,,
277,1230848704030941184,BooI,—,209.96416,14.60385,0.72,—,18.81,0.96,1.00,—,—,,,
278,1230848708325982208,BooI,—,209.96553,14.59984,0.70,—,20.63,0.64,0.91,—,—,,,
279,1230877772369686272,BooI,—,209.97579,14.78907,1.61,—,19.54,1.08,0.92,—,—,,,
280,1230836540683527936,BooI,—,209.98028,14.54639,0.41,—,19.53,0.40,1.00,—,—,,,
281,1230848326073809408,BooI,—,209.98331,14.58193,0.54,—,19.58,0.54,0.72,—,—,,,
282,1230834994495293952,BooI,—,209.98427,14.53382,0.34,—,20.22,0.94,0.96,—,—,,,
283,1231068434557592832,BooI,—,209.99120,14.91901,2.27,—,19.65,0.22,0.99,—,—,,,
284,1230822040874388224,BooI,—,209.99145,14.26899,1.24,—,20.70,0.61,0.51,—,—,,,
285,1230833517027065600,BooI,—,209.99869,14.45941,0.27,—,19.41,0.60,0.94,—,—,,,
286,1230829668736347904,BooI,—,210.00170,14.38738,0.61,—,19.16,1.04,1.00,—,—,,,
287,1230878700082638336,BooI,—,210.00525,14.83133,1.79,—,20.31,0.93,0.91,—,—,,,
288,1230877531851510272,BooI,—,210.00957,14.77154,1.47,—,19.12,1.00,0.99,—,—,,,
289,1230833860623901696,BooI,—,210.01187,14.48568,0.11,—,20.90,-0.21,0.98,—,—,,,
290,1230830012333739008,BooI,—,210.01649,14.40727,0.50,—,19.60,0.21,1.00,—,—,,,
291,1230873614841298944,BooI,—,210.01965,14.68868,1.01,—,20.62,0.47,0.68,—,—,,,
292,1230830497665159680,BooI,—,210.02163,14.44077,0.32,—,19.65,-0.07,1.00,—,—,,,
293,1230833482666763264,BooI,—,210.02354,14.45130,0.26,—,19.38,0.66,0.98,—,—,,,
294,1230873786640002304,BooI,—,210.02541,14.71379,1.15,—,19.61,0.53,0.99,—,—,,,
295,1231068778154976256,BooI,—,210.02653,14.91695,2.23,—,19.42,1.02,0.79,—,—,,,
296,1230835441171882496,BooI,—,210.02657,14.51549,0.08,—,20.65,0.85,0.91,—,—,,,
297,1230836437604328704,BooI,—,210.03704,14.57336,0.40,—,19.52,0.55,0.98,—,—,,,
298,1230877566211251712,BooI,—,210.04219,14.77930,1.49,—,19.14,1.03,1.00,—,—,,,
299,1230775483428906496,BooI,—,210.04608,14.28973,1.15,—,20.39,0.66,0.50,—,—,,,
300,1230772047455028224,BooI,—,210.04614,14.16752,1.80,—,20.53,0.98,0.52,—,—,,,
301,1230829771815569664,BooI,—,210.04618,14.40544,0.54,—,19.37,0.64,0.96,—,—,,,
302,1230659588031211264,BooI,—,210.05592,13.91323,3.17,—,19.01,0.98,0.90,—,—,,,
303,1230879181118967808,BooI,—,210.05699,14.80942,1.66,—,20.63,0.58,0.62,—,—,,,
304,1230874164597130496,BooI,—,210.06166,14.72849,1.23,—,19.44,1.01,0.99,—,—,,,
305,1230829393857871616,BooI,—,210.06497,14.40355,0.60,—,19.63,0.20,1.00,—,—,,,
306,1230830184131867392,BooI,—,210.06672,14.42473,0.51,—,19.15,1.07,1.00,—,—,,,
307,1230835544251105280,BooI,—,210.06731,14.52972,0.32,—,20.66,0.71,0.87,—,—,,,
308,1230828947181261824,BooI,—,210.07734,14.38042,0.76,—,18.90,1.13,1.00,—,—,,,
309,1230661065502765824,BooI,—,210.08096,13.99395,2.77,—,18.12,1.13,0.99,—,—,,,
310,1230873412977867520,BooI,—,210.08316,14.72135,1.22,—,20.51,0.66,0.85,—,—,,,
311,1230829118979954432,BooI,—,210.08941,14.38281,0.79,—,19.86,1.01,0.99,—,—,,,
312,1230860695583613696,BooI,—,210.08976,14.62465,0.78,—,19.52,0.56,1.00,—,—,,,
313,1231078398881778432,BooI,—,210.09065,15.08788,3.15,—,19.81,-0.16,0.64,—,—,,,
314,1230887083858828032,BooI,—,210.09103,14.94891,2.42,—,20.09,1.09,0.85,—,—,,,
315,1230829153339697664,BooI,—,210.10535,14.39135,0.83,—,20.37,1.06,0.96,—,—,,,
316,1230835853488763136,BooI,—,210.10727,14.55231,0.61,—,19.52,0.60,1.00,—,—,,,
317,1230859630427736832,BooI,—,210.11190,14.59251,0.75,—,19.46,0.32,1.00,—,—,,,
318,1230861210975733504,BooI,—,210.12488,14.65789,1.05,—,19.87,1.00,0.97,—,—,,,
319,1230835784769285632,BooI,—,210.12736,14.55158,0.74,—,19.51,0.32,0.99,—,—,,,
320,1230874748712681984,BooI,—,210.13725,14.72687,1.39,—,19.59,0.37,0.96,—,—,,,
321,1230780637390847232,BooI,—,210.15527,14.31491,1.38,—,20.80,0.54,0.78,—,—,,,
322,1230777201415813632,BooI,—,210.16811,14.25687,1.69,—,20.54,0.80,0.53,—,—,,,
323,1230860111464091648,BooI,—,210.16937,14.62892,1.17,—,19.63,0.07,1.00,—,—,,,
324,1230859909601056768,BooI,—,210.17197,14.61236,1.14,—,20.10,0.89,0.96,—,—,,,
325,1229890376568407296,BooI,—,210.17969,13.55215,5.26,—,19.68,0.17,0.86,—,—,,,
326,1230875538986689536,BooI,—,210.18061,14.78411,1.80,—,20.56,0.78,0.79,—,—,,,
327,1230783729765579520,BooI,—,210.18768,14.40273,1.26,—,20.74,0.74,0.74,—,—,,,
328,1231459963776551936,BooI,—,210.19247,15.28623,4.29,—,19.64,0.20,0.97,—,—,,,
329,1230777270134712064,BooI,—,210.19585,14.26598,1.78,—,20.64,0.62,0.69,—,—,,,
330,1230875435907473920,BooI,—,210.19759,14.78402,1.86,—,20.39,1.16,0.64,—,—,,,
331,1230855163661700608,BooI,—,210.20173,14.50640,1.21,—,20.17,0.88,0.92,—,—,,,
332,1230769882791510528,BooI,—,210.20489,14.16427,2.25,—,20.77,1.01,0.65,—,—,,,
333,1230875474562491904,BooI,—,210.21257,14.79886,1.98,—,19.68,0.17,0.98,—,—,,,
334,1230863513078248704,BooI,—,210.21792,14.75422,1.83,—,19.21,0.88,0.93,—,—,,,
335,1230784039003230720,BooI,—,210.22499,14.41309,1.48,—,20.65,0.70,0.52,—,—,,,
336,1230881792459098624,BooI,—,210.23772,14.85467,2.31,—,19.69,0.95,0.72,—,—,,,
337,1230856572411010304,BooI,—,210.24859,14.57166,1.55,—,19.84,0.72,0.75,—,—,,,
338,1230756791731180032,BooI,—,210.27146,14.09729,2.83,—,20.78,0.83,0.60,—,—,,,
339,1230776376781505536,BooI,—,210.27720,14.24164,2.29,—,19.46,0.63,0.51,—,—,,,
340,1230779473453197056,BooI,—,210.28911,14.34780,2.04,—,20.42,0.91,0.55,—,—,,,
341,1230882273495441408,BooI,—,210.29304,14.87886,2.64,—,19.59,0.27,0.94,—,—,,,
342,1231265251434486016,BooI,—,210.29471,15.10058,3.60,—,16.31,1.44,1.00,—,—,,,
343,1230753561915765760,BooI,—,210.30546,14.06466,3.13,—,20.80,0.96,0.56,—,—,,,
344,1230857465764224256,BooI,—,210.30977,14.60247,1.99,—,19.64,0.15,1.00,—,—,,,
345,1230751534691179520,BooI,—,210.31906,13.94736,3.70,—,20.08,1.00,0.62,—,—,,,
346,1230764179074370304,BooI,—,210.32553,14.18046,2.77,—,19.99,0.99,0.76,—,—,,,
347,1230751981367787008,BooI,—,210.32660,13.99796,3.51,—,19.72,1.14,0.86,—,—,,,
348,1230763423160123392,BooI,—,210.32679,14.16674,2.83,—,18.19,1.08,0.98,—,—,,,
349,1230857190886308352,BooI,—,210.33151,14.58303,2.12,—,19.84,0.88,0.80,—,—,,,
350,1230884335079756288,BooI,—,210.34918,14.93722,3.11,—,20.96,0.44,0.74,—,—,,,
351,1230884472518714368,BooI,—,210.37436,14.96069,3.31,—,19.73,1.13,0.82,—,—,,,
352,1230864990546977792,BooI,—,210.37687,14.70699,2.58,—,19.83,1.01,0.79,—,—,,,
353,1231264907837100800,BooI,—,210.38561,15.11408,3.97,—,16.52,1.41,1.00,—,—,,,
354,1230809774447356928,BooI,—,210.45113,14.57703,2.92,—,19.57,0.64,0.64,—,—,,,
355,1230789197259464192,BooI,—,210.47068,14.27833,3.36,—,20.04,1.04,0.67,—,—,,,
356,1230805651278706432,BooI,—,210.47713,14.49475,3.10,—,19.13,1.17,0.62,—,—,,,
357,1231271431892634624,BooI,—,210.69886,15.25604,5.92,—,19.49,1.01,0.57,—,—,,,
358,1231258478271048192,BooI,—,210.70010,15.15507,5.60,—,19.65,0.30,0.81,—,—,,,
359,1229802209479252992,BooI,—,210.72214,13.08108,9.28,—,19.64,0.02,0.61,—,—,,,
